2,2.54412,2.25156,2.67948,0.292561,2.39784
3,2.55299,2.24512,2.68436,0.307868,2.39905
4,2.55057,2.24995,2.68597,0.300617,2.40026
5,2.5554,2.24753,2.67706,0.307869,2.40147
6,2.54735,2.24512,2.67222,0.302228,2.39623
7,2.54654,2.25156,2.67303,0.294978,2.39905
8,2.54896,2.24753,2.68109,0.301423,2.39824
9,2.55863,2.24753,2.6892,0.311092,2.40308
10,2.54976,2.24431,2.67625,0.305451,2.39704
11,2.55943,2.25156,2.69,0.307869,2.4055
12,2.55057,2.24753,2.67625,0.303035,2.39905
13,2.55299,2.24673,2.68275,0.306257,2.39986
14,2.5546,2.24512,2.67545,0.30948,2.39986
15,2.5554,2.25478,2.68109,0.300618,2.40509
16,2.5554,2.24592,2.68597,0.30948,2.40066
17,2.55943,2.24673,2.68678,0.312703,2.40308
18,2.56668,2.24351,2.67867,0.323177,2.40509
19,2.56104,2.23384,2.67303,0.327206,2.39744
20,2.54896,2.2427,2.68356,0.306257,2.39583
21,2.51834,2.25801,2.68436,0.260334,2.38818
22,2.51592,2.2572,2.68436,0.258722,2.38656
23,2.56427,2.23867,2.68194,0.325595,2.40147
24,2.64,2.21772,2.67303,0.422275,2.42886
25,2.69,2.19919,2.669,0.490808,2.4446
26,2.68839,2.19436,2.63436,0.494031,2.44137
27,2.69161,2.19194,2.59327,0.49967,2.44178
28,2.67625,2.19919,2.54815,0.47706,2.43772
29,2.76009,2.1855,2.48209,0.574597,2.4728
30,2.77057,2.1855,2.44659,0.585072,2.47803
31,2.7754,2.17744,2.38455,0.597963,2.47642
32,2.77299,2.18389,2.31204,0.5891,2.47844
33,2.77379,2.18147,2.229,0.592322,2.47763
34,2.76815,2.17905,2.19033,0.589101,2.4736
35,2.76654,2.17905,2.17341,0.58749,2.4728
36,2.76332,2.1863,2.16294,0.577016,2.47481
37,2.77299,2.17986,2.17583,0.593128,2.47642
38,2.77379,2.17905,2.19033,0.594741,2.47642
39,2.7754,2.17744,2.23223,0.597963,2.47642
40,2.76896,2.17502,2.27256,0.593935,2.47199
41,2.77057,2.17744,2.30801,0.593129,2.474
42,2.77299,2.17905,2.34185,0.593935,2.47602
43,2.76332,2.18147,2.37246,0.581849,2.47239
44,2.77299,2.18953,2.38133,0.58346,2.48126
45,2.76815,2.17905,2.38697,0.589101,2.4736
46,2.76896,2.17905,2.40308,0.589907,2.474
47,2.73995,2.18308,2.41758,0.556872,2.46152
48,2.7319,2.18147,2.43128,0.550426,2.45668
49,2.76815,2.18227,2.4345,0.585877,2.47521
50,2.76896,2.17905,2.44497,0.589907,2.474
51,2.76171,2.18389,2.43772,0.577821,2.4728
52,2.76412,2.1855,2.43933,0.578626,2.47481
53,2.76009,2.18147,2.47076,0.578626,2.47078
55,2.74076,2.18711,2.61825,0.55365,2.46393
56,2.7609,2.18389,2.61905,0.577015,2.47239
57,2.77299,2.18066,2.52962,0.592322,2.47682
58,2.7609,2.18308,2.39583,0.577821,2.47199
59,2.76654,2.19436,2.32574,0.572182,2.48045
60,2.69886,2.19275,2.25398,0.506116,2.44581
61,2.65208,2.20161,2.19436,0.450473,2.42685
62,2.56346,2.21692,2.14844,0.346541,2.39019
63,2.30317,2.35554,2.1154,-0.0523691,2.32936
64,2.16213,2.5981,2.09526,-0.435971,2.38012
65,2.14602,2.66659,2.07351,-0.520567,2.4063
66,2.15488,2.62711,2.06218,-0.472228,2.39099
67,2.16858,2.60374,2.0509,-0.435165,2.38616
68,2.17099,2.58038,2.04445,-0.409385,2.37569
69,2.16858,2.57554,2.04526,-0.406967,2.37206
70,2.15085,2.62227,2.04687,-0.471422,2.38656
71,2.1573,2.61825,2.04365,-0.460948,2.38777
72,2.19436,2.50223,2.04042,-0.30787,2.34829
73,2.23867,2.42242,2.03801,-0.183745,2.33054
74,2.19919,2.47806,2.03559,-0.278865,2.33862
75,2.14763,2.64322,2.03317,-0.495592,2.39543
76,2.15085,2.65128,2.03398,-0.500426,2.40106
77,2.17019,2.55621,2.03962,-0.386021,2.3632
78,2.17663,2.53204,2.04365,-0.355404,2.35434
79,2.15327,2.60938,2.04365,-0.456113,2.38133
80,2.15408,2.61099,2.05493,-0.456919,2.38253
81,2.16133,2.59166,2.05332,-0.430331,2.37649
82,2.14844,2.6118,2.04606,-0.463364,2.38012
83,2.14682,2.63355,2.0517,-0.48673,2.39019
83,2.14682,2.63355,2.0517,-0.48673,2.39019
84,2.14521,2.66256,2.04768,-0.517344,2.40388
85,2.13796,2.71417,2.06218,-0.576209,2.42607
86,2.12829,2.72223,2.06218,-0.593934,2.42526
87,2.12507,2.72706,2.06218,-0.601991,2.42607
88,2.12185,2.72787,2.06218,-0.606018,2.42486
89,2.13393,2.73431,2.05976,-0.600379,2.43412
90,2.13474,2.74156,2.06218,-0.606825,2.43815
91,2.15488,2.73754,2.06137,-0.582655,2.44621
92,2.20886,2.73109,2.06218,-0.522229,2.46998
93,2.2564,2.73995,2.06218,-0.483556,2.49817
94,2.34668,2.73351,2.05976,-0.386826,2.54009
95,2.4482,2.73512,2.05976,-0.286922,2.59166
96,2.53607,2.73351,2.06218,-0.197441,2.63479
97,2.69725,2.74237,2.06218,-0.0451183,2.71981
98,2.78588,2.74318,2.06218,0.0426998,2.76453
99,2.79313,2.73431,2.06218,0.058814,2.76372
100,2.78668,2.70531,2.06218,0.0813732,2.746
101,2.77943,2.6545,2.05734,0.12493,2.71697
102,2.77863,2.62469,2.05976,0.153934,2.70166
103,2.77299,2.57957,2.06057,0.193413,2.67628
104,2.73673,2.4982,2.06218,0.238529,2.61747
105,2.66417,2.43047,2.06218,0.233695,2.54732
107,2.45706,2.23061,2.06218,0.226446,2.34384
108,2.37891,2.19194,2.06218,0.186967,2.28543
109,2.28062,2.18147,2.06218,0.0991478,2.23104
110,2.17663,2.17422,2.06218,0.00241756,2.17542
111,2.14844,2.17663,2.06137,-0.0281982,2.16253
112,2.14038,2.17019,2.06218,-0.029809,2.15528
113,2.1291,2.17502,2.06218,-0.0459223,2.15206
114,2.12024,2.16616,2.06218,-0.0459223,2.1432
116,2.12749,2.17341,2.06218,-0.0459232,2.15045
117,2.13393,2.16777,2.06465,-0.0338373,2.15085
118,2.13957,2.17583,2.06137,-0.0362549,2.1577
119,2.15327,2.16938,2.06218,-0.0161133,2.16133
120,2.17019,2.17422,2.05654,-0.00402832,2.1722
122,2.34749,2.17422,2.05332,0.173271,2.26085
123,2.40469,2.17583,2.0517,0.228863,2.29026
124,2.56668,2.18066,2.05009,0.38602,2.37367
125,2.71175,2.18308,2.0517,0.528674,2.44742
126,2.76412,2.18389,2.0517,0.580237,2.474
127,2.76332,2.18308,2.04687,0.580238,2.4732
128,2.76251,2.20322,2.04526,0.559291,2.48287
129,2.7754,2.24189,2.04445,0.533509,2.50865
130,2.76332,2.26687,2.0509,0.496449,2.51509
131,2.76976,2.29995,2.04204,0.46981,2.53486
132,2.76815,2.29754,2.04687,0.470615,2.53284
132,2.76815,2.29754,2.04687,0.470615,2.53284
133,2.76009,2.28867,2.04848,0.471421,2.52438
134,2.75929,2.27981,2.05009,0.479479,2.51955
135,2.77057,2.27014,2.0509,0.500426,2.52036
136,2.7609,2.27981,2.05251,0.48109,2.52036
137,2.76412,2.27175,2.05251,0.492369,2.51794
138,2.75365,2.27739,2.04848,0.476255,2.51552
139,2.76171,2.27659,2.04848,0.485118,2.51915
140,2.76332,2.26934,2.05251,0.49398,2.51633
141,2.76171,2.2564,2.04768,0.50531,2.50905
142,2.75929,2.24351,2.05009,0.515784,2.5014
144,2.75768,2.23142,2.0872,0.526258,2.49455
145,2.76171,2.27014,2.09204,0.491564,2.51592
146,2.75768,2.27337,2.08962,0.484312,2.51552
148,2.7319,2.29028,2.09768,0.441611,2.51109
149,2.73351,2.25801,2.10171,0.475499,2.49576
150,2.75284,2.22497,2.10815,0.527869,2.48891
151,2.74076,2.23464,2.10896,0.506116,2.4877
152,2.56185,2.37085,2.10171,0.190996,2.46635
153,2.27659,2.58038,2.10493,-0.30379,2.42848
154,2.26606,2.57716,2.11057,-0.311091,2.42161
155,2.32735,2.51592,2.11299,-0.188579,2.42163
156,2.34426,2.49659,2.11218,-0.152324,2.42043
157,2.33137,2.51109,2.10976,-0.179716,2.42123
158,2.35474,2.47564,2.11299,-0.120902,2.41519
159,2.41758,2.41275,2.11218,0.00483418,2.41516
160,2.51915,2.32815,2.09929,0.190995,2.42365
161,2.56104,2.2919,2.10412,0.269147,2.42647
162,2.56829,2.27739,2.09848,0.290899,2.42284
163,2.50384,2.30882,2.10332,0.195024,2.40633
164,2.54009,2.28223,2.10009,0.257867,2.41116
165,2.59569,2.25478,2.10896,0.340901,2.42523
166,2.59005,2.24834,2.10251,0.341707,2.41919
167,2.51915,2.27739,2.11057,0.241753,2.39827
168,2.32332,2.40952,2.10573,-0.0862074,2.36642
169,2.27417,2.45384,2.10412,-0.179667,2.364
170,2.34426,2.38535,2.10815,-0.04109,2.36481
171,2.38938,2.33862,2.10251,0.0507584,2.364
172,2.36682,2.35152,2.10976,0.0153074,2.35917
173,2.25801,2.45706,2.10009,-0.199052,2.35753
174,2.18791,2.55057,2.10332,-0.362655,2.36924
175,2.16616,2.57877,2.10493,-0.412608,2.37246
176,2.13796,2.6408,2.10896,-0.502842,2.38938
177,2.12346,2.69725,2.10171,-0.573792,2.41036
178,2.11943,2.7182,2.10251,-0.598768,2.41882
179,2.11943,2.7182,2.10009,-0.598768,2.41882
180,2.11137,2.7182,2.09043,-0.606826,2.41479
181,2.11218,2.65611,2.09848,-0.543932,2.38415
182,2.11621,2.53365,2.09768,-0.417441,2.32493
183,2.1154,2.38374,2.08962,-0.268341,2.24957
185,2.10815,2.20483,2.09768,-0.0966816,2.15649
186,2.10896,2.19919,2.09848,-0.0902357,2.15407
187,2.10815,2.19839,2.09365,-0.0902357,2.15327
188,2.10654,2.20967,2.10171,-0.103127,2.1581
189,2.10976,2.21289,2.10171,-0.103127,2.16133
190,2.11218,2.20644,2.10251,-0.094264,2.15931
191,2.10896,2.21853,2.10412,-0.109571,2.16374
192,2.11299,2.24673,2.10815,-0.133742,2.17986
193,2.11299,2.3491,2.10896,-0.236114,2.23104
194,2.10815,2.45625,2.10654,-0.348103,2.2822
195,2.1146,2.53607,2.10412,-0.42147,2.32533
196,2.11057,2.5981,2.1009,-0.487535,2.35434
197,2.11621,2.63758,2.10171,-0.521374,2.37689
198,2.11057,2.66417,2.10412,-0.5536,2.38737
199,2.11137,2.6892,2.10171,-0.577822,2.40028
200,2.11057,2.69645,2.10251,-0.585878,2.40351
201,2.11379,2.70209,2.10009,-0.588295,2.40794
202,2.11379,2.71659,2.09848,-0.602797,2.41519
203,2.11621,2.71578,2.10171,-0.599574,2.41599
204,2.10654,2.71498,2.09687,-0.608438,2.41076
205,2.1154,2.72464,2.10171,-0.609242,2.42002
206,2.11299,2.72626,2.09204,-0.613271,2.41962
207,2.11137,2.71578,2.09687,-0.604408,2.41358
208,2.11701,2.71901,2.08801,-0.601992,2.41801
209,2.1154,2.71739,2.08801,-0.601992,2.4164
210,2.10976,2.71256,2.08237,-0.602797,2.41116
211,2.11137,2.71498,2.08559,-0.603603,2.41318
212,2.10976,2.71014,2.07995,-0.60038,2.40995
213,2.10896,2.71256,2.07592,-0.603602,2.41076
214,2.1154,2.71578,2.08076,-0.60038,2.41559
215,2.11057,2.71256,2.0864,-0.601992,2.41156
216,2.1146,2.70611,2.08398,-0.591518,2.41036
217,2.11621,2.71417,2.07834,-0.597963,2.41519
218,2.11137,2.71014,2.07915,-0.598769,2.41076
219,2.11299,2.71095,2.09365,-0.597963,2.41197
220,2.1154,2.71498,2.0864,-0.599575,2.41519
221,2.11701,2.71498,2.08559,-0.597963,2.416
221,2.11701,2.71498,2.08559,-0.597963,2.416
222,2.11863,2.71095,2.08559,-0.592323,2.41479
223,2.11782,2.7182,2.0872,-0.600379,2.41801
224,2.11299,2.72464,2.0864,-0.611659,2.41881
225,2.12185,2.69806,2.0872,-0.576209,2.40995
226,2.30076,2.40872,2.09284,-0.107961,2.35474
227,2.74479,2.16294,2.08479,0.58185,2.45386
228,2.7472,2.15971,2.08882,0.58749,2.45346
229,2.74962,2.1581,2.08479,0.591517,2.45386
230,2.74076,2.15327,2.08479,0.587488,2.44701
231,2.68517,2.15488,2.09123,0.530287,2.42002
232,2.5546,2.1581,2.08559,0.396493,2.35635
233,2.23787,2.15327,2.08962,0.0845957,2.19557
233,2.23787,2.15327,2.08962,0.0845957,2.19557
234,2.22739,2.15971,2.0864,0.0676765,2.19355
235,2.23464,2.15649,2.08479,0.0781498,2.19557
236,2.23223,2.15166,2.08479,0.0805674,2.19194
237,2.18711,2.15971,2.08882,0.0273933,2.17341
238,2.13232,2.1573,2.08237,-0.0249758,2.14481
239,2.1436,2.15327,2.07995,-0.00966835,2.14844
240,2.15166,2.1581,2.08318,-0.00644588,2.15488
241,2.14844,2.15408,2.09365,-0.00564003,2.15126
242,2.12829,2.1863,2.13071,-0.0580082,2.1573
243,2.11943,2.19275,2.13232,-0.0733166,2.15609
243,2.11943,2.19275,2.13232,-0.0733166,2.15609
244,2.13071,2.19436,2.13796,-0.0636482,2.16253
244,2.13071,2.19436,2.13796,-0.0636482,2.16253
245,2.1291,2.20725,2.13877,-0.0781498,2.16817
246,2.12749,2.20322,2.14038,-0.0757332,2.16535
247,2.12749,2.20644,2.14038,-0.0789557,2.16697
248,2.12991,2.2008,2.14118,-0.070899,2.16535
249,2.12668,2.20161,2.14038,-0.0749283,2.16415
250,2.12507,2.19839,2.1428,-0.0733156,2.16173
251,2.12829,2.2,2.15649,-0.0717049,2.16415
252,2.14118,2.22417,2.19919,-0.082984,2.18268
253,2.15005,2.23948,2.2282,-0.0894289,2.19476
254,2.18066,2.27095,2.26284,-0.0902853,2.22581
255,2.19597,2.29512,2.29834,-0.0991478,2.24554
256,2.18872,2.28545,2.28062,-0.0967312,2.23709
257,2.20161,2.30156,2.28867,-0.0999537,2.25159
258,2.17583,2.26768,2.25881,-0.0918474,2.22175
259,2.10976,2.16294,2.08882,-0.053174,2.13635
260,2.10332,2.16616,2.08801,-0.0628424,2.13474
261,2.10654,2.16213,2.08559,-0.0555925,2.13434
262,2.11218,2.15488,2.08479,-0.0427008,2.13353
263,2.11782,2.15649,2.08318,-0.0386715,2.13716
264,2.10976,2.15488,2.07512,-0.0451174,2.13232
265,2.10412,2.15971,2.07109,-0.0555916,2.13192
266,2.10573,2.16133,2.06787,-0.0555916,2.13353
267,2.10171,2.15649,2.06948,-0.0547857,2.1291
268,2.10654,2.1581,2.06303,-0.0515642,2.13232
269,2.10251,2.16213,2.06218,-0.0596209,2.13232
270,2.10251,2.1581,2.06706,-0.0555925,2.13031
271,2.10896,2.16455,2.06384,-0.0555916,2.13675
272,2.11057,2.16213,2.06218,-0.0515642,2.13635
273,2.10412,2.15971,2.05896,-0.0555916,2.13192
273,2.10412,2.15971,2.05896,-0.0555916,2.13192
274,2.10332,2.1573,2.06218,-0.0539808,2.13031
275,2.10493,2.16777,2.05815,-0.0628424,2.13635
276,2.11299,2.16294,2.05332,-0.0499516,2.13796
277,2.10815,2.16052,2.05654,-0.0523691,2.13434
278,2.10493,2.16697,2.05332,-0.0620365,2.13595
279,2.1146,2.16213,2.05815,-0.0475359,2.13836
280,2.10815,2.16374,2.06218,-0.0555916,2.13595
281,2.1154,2.16455,2.06303,-0.0491467,2.13998
282,2.11218,2.16133,2.06137,-0.0491467,2.13675
283,2.11299,2.16213,2.06137,-0.0491467,2.13756
284,2.11057,2.16697,2.06218,-0.0563974,2.13877
285,2.11299,2.16213,2.06218,-0.0491467,2.13756
286,2.11218,2.16616,2.06218,-0.0539799,2.13917
286,2.11218,2.16616,2.06218,-0.0539799,2.13917
287,2.1154,2.17019,2.05896,-0.0547857,2.14279
288,2.11299,2.16777,2.06218,-0.0547857,2.14038
289,2.1146,2.16938,2.05734,-0.0547867,2.14199
290,2.11943,2.16616,2.06218,-0.0467281,2.1428
291,2.11218,2.22095,2.08237,-0.108767,2.16656
292,2.12265,2.71498,2.17986,-0.592323,2.41882
293,2.12991,2.73431,2.29512,-0.604407,2.43211
294,2.27095,2.41678,2.4055,-0.145827,2.34386
295,2.58199,2.22417,2.42805,0.357821,2.40308
296,2.71498,2.18711,2.44497,0.527869,2.45104
297,2.78024,2.17583,2.47156,0.604408,2.47803
298,2.78749,2.18308,2.51351,0.604408,2.48528
299,2.76815,2.17583,2.52801,0.592323,2.47199
300,2.73754,2.17341,2.5409,0.564124,2.45547
301,2.63355,2.1855,2.56265,0.448056,2.40952
302,2.66336,2.29028,2.57716,0.373079,2.47682
303,2.75526,2.40872,2.56829,0.346542,2.58199
304,2.76251,2.47398,2.56588,0.288533,2.61825
305,2.79474,2.56991,2.56427,0.224833,2.68232
306,2.79393,2.69806,2.56185,0.0958748,2.746
307,2.79232,2.74962,2.56104,0.0426998,2.77097
308,2.78507,2.71739,2.58602,0.0676765,2.75123
309,2.78104,2.58844,2.60213,0.192607,2.68474
310,2.77057,2.38374,2.59488,0.386826,2.57716
311,2.77943,2.24431,2.59649,0.53512,2.51187
312,2.78507,2.20806,2.58844,0.577015,2.49656
313,2.78185,2.18872,2.57877,0.593128,2.48528
314,2.77218,2.18308,2.57474,0.5891,2.47763
315,2.75687,2.18791,2.58038,0.568958,2.47239
316,2.52076,2.229,2.56024,0.291756,2.37488
317,2.36038,2.29995,2.56346,0.0604258,2.33016
318,2.50142,2.24512,2.58521,0.256306,2.37327
319,2.73673,2.18872,2.61261,0.54801,2.46272
320,2.7746,2.17905,2.6255,0.595547,2.47682
321,2.76896,2.18227,2.63355,0.586683,2.47562
322,2.76735,2.17502,2.64322,0.592324,2.47118
323,2.76815,2.18711,2.65208,0.581043,2.47763
324,2.76251,2.18227,2.65047,0.580238,2.47239
326,2.76654,2.17744,2.65853,0.589101,2.47199
327,2.76896,2.18469,2.65934,0.584266,2.47682
328,2.76573,2.17905,2.66497,0.586684,2.47239
329,2.76251,2.17744,2.65208,0.585073,2.46998
330,2.76815,2.18308,2.6545,0.585072,2.47562
331,2.77137,2.17905,2.66336,0.592324,2.47521
332,2.77863,2.18308,2.66659,0.595546,2.48085
333,2.77299,2.1863,2.66095,0.586683,2.47964
334,2.76412,2.17583,2.65772,0.588295,2.46998
335,2.76735,2.17744,2.65853,0.589907,2.47239
336,2.77057,2.17744,2.6545,0.593129,2.474
337,2.76976,2.17744,2.65692,0.592323,2.4736
338,2.76976,2.1855,2.65853,0.584266,2.47763
339,2.76412,2.17261,2.63194,0.591517,2.46836
340,2.75929,2.18066,2.63436,0.578627,2.46998
341,2.58038,2.18308,2.63033,0.397299,2.38173
342,2.56749,2.17019,2.61502,0.3973,2.36884
343,2.65289,2.17986,2.54493,0.473032,2.41637
344,2.75446,2.17986,2.35152,0.574598,2.46716
345,2.76009,2.17341,2.1573,0.586683,2.46675
346,2.76896,2.17422,2.06218,0.594741,2.47159
347,2.76976,2.17422,2.04042,0.595547,2.47199
348,2.77863,2.17744,2.04042,0.601186,2.47803
349,2.7754,2.17422,2.03881,0.601187,2.47481
350,2.76815,2.18308,2.03881,0.585072,2.47562
351,2.76654,2.17744,2.04204,0.589101,2.47199
352,2.76332,2.17824,2.03801,0.585073,2.47078
353,2.76171,2.18389,2.03237,0.577821,2.4728
354,2.76976,2.18066,2.02673,0.5891,2.47521
355,2.76735,2.18066,2.02673,0.586683,2.474
356,2.77057,2.18147,2.02834,0.5891,2.47602
357,2.76735,2.18147,2.04123,0.585877,2.47441
358,2.76976,2.18066,2.0364,0.5891,2.47521
359,2.76251,2.1855,2.03962,0.577015,2.474
360,2.77299,2.18308,2.02834,0.589906,2.47803
361,2.76412,2.18147,2.03881,0.582654,2.4728
362,2.76412,2.18227,2.0372,0.581849,2.4732
362,2.76412,2.18227,2.0372,0.581849,2.4732
363,2.76573,2.18066,2.03237,0.585072,2.4732
364,2.76412,2.17422,2.03801,0.589907,2.46917
365,2.76654,2.17502,2.04123,0.591518,2.47078
366,2.76735,2.17663,2.04042,0.590713,2.47199
367,2.73995,2.1855,2.04365,0.554455,2.46272
368,2.71095,2.19194,2.03559,0.519007,2.45145
369,2.70853,2.19033,2.03801,0.518201,2.44943
370,2.69,2.19033,2.03156,0.499671,2.44017
371,2.69242,2.19839,2.03962,0.494031,2.4454
372,2.64483,2.19839,2.03801,0.446445,2.42161
373,2.54009,2.22014,2.02753,0.319954,2.38012
374,2.46592,2.25398,2.03317,0.211943,2.35995
375,2.55299,2.2137,2.03237,0.33929,2.38334
376,2.5554,2.21853,2.04526,0.336874,2.38697
377,2.46592,2.24512,2.04123,0.220805,2.35552
378,2.48209,2.23706,2.04123,0.245027,2.35957
379,2.50867,2.2282,2.04365,0.280477,2.36843
380,2.48209,2.23545,2.05251,0.246638,2.35877
381,2.43853,2.25156,2.06218,0.186968,2.34505
382,2.32412,2.32493,2.05976,-0.000805855,2.32453
383,2.27659,2.37246,2.05896,-0.0958757,2.32453
384,2.28384,2.36763,2.06057,-0.0837908,2.32573
385,2.34104,2.32735,2.06218,0.0136967,2.33419
386,2.34991,2.31929,2.06218,0.0306158,2.3346
387,2.34749,2.31446,2.06218,0.0330324,2.33097
388,2.34265,2.31687,2.06706,0.0257807,2.32976
389,2.32896,2.33137,2.06787,-0.00241661,2.33017
390,2.32574,2.33379,2.06218,-0.00805664,2.32976
391,2.33218,2.32171,2.06218,0.0104733,2.32694
392,2.33379,2.3209,2.06626,0.0128908,2.32735
393,2.32493,2.32735,2.06218,-0.00241661,2.32614
394,2.32171,2.32574,2.06545,-0.00402832,2.32372
394,2.32171,2.32574,2.06545,-0.00402832,2.32372
395,2.32332,2.32574,2.06218,-0.00241756,2.32453
396,2.31929,2.32493,2.06303,-0.00564003,2.32211
397,2.32251,2.32493,2.06303,-0.00241756,2.32372
398,2.32493,2.33218,2.06218,-0.00725079,2.32855
399,2.32896,2.33621,2.06465,-0.00725079,2.33258
400,2.32493,2.33379,2.06465,-0.0088625,2.32936
401,2.33137,2.32251,2.06465,0.0088625,2.32694
402,2.32896,2.32251,2.06384,0.00644588,2.32573
403,2.33137,2.32251,2.06626,0.0088625,2.32694
404,2.30559,2.34991,2.06218,-0.0443115,2.32775
405,2.33137,2.31929,2.06218,0.012085,2.32533
406,2.30962,2.34265,2.05896,-0.0330315,2.32614
407,2.2282,2.42564,2.06218,-0.197441,2.32692
408,2.23223,2.42242,2.06218,-0.19019,2.32732
409,2.24592,2.41275,2.06137,-0.166824,2.32934
410,2.23142,2.42886,2.05896,-0.197441,2.33014
411,2.28867,2.36279,2.05976,-0.0741215,2.32573
412,2.28303,2.37246,2.05976,-0.0894308,2.32775
413,2.20644,2.46753,2.05009,-0.261089,2.33699
414,2.22659,2.44014,2.04768,-0.213555,2.33336
414,2.22659,2.44014,2.04768,-0.213555,2.33336
415,2.24512,2.41839,2.05412,-0.17327,2.33175
416,2.25478,2.40711,2.05009,-0.152323,2.33095
417,2.22256,2.44095,2.03962,-0.21839,2.33175
418,2.22981,2.44095,2.04042,-0.211138,2.33538
419,2.24995,2.41597,2.03881,-0.166018,2.33296
420,2.34346,2.31607,2.0372,0.0273924,2.32976
421,2.27417,2.36924,2.03881,-0.0950708,2.32171
422,2.17986,2.51109,2.04365,-0.331233,2.34547
423,2.17744,2.53365,2.04365,-0.35621,2.35554
424,2.17019,2.55701,2.04687,-0.386827,2.3636
425,2.15005,2.6408,2.04042,-0.490757,2.39543
426,2.15166,2.64403,2.04123,-0.492369,2.39784
427,2.17422,2.54412,2.04123,-0.369906,2.35917
428,2.17261,2.53526,2.04606,-0.362655,2.35393
429,2.18147,2.50867,2.04848,-0.327205,2.34507
430,2.20725,2.45142,2.04929,-0.24417,2.32933
431,2.20322,2.45545,2.04687,-0.252227,2.32933
432,2.17502,2.53365,2.04687,-0.358627,2.35434
433,2.19194,2.50142,2.04687,-0.309481,2.34668
434,2.19275,2.48934,2.04123,-0.296589,2.34104
435,2.16697,2.54815,2.04526,-0.381186,2.35756
436,2.18147,2.51109,2.04687,-0.329621,2.34628
438,2.27095,2.3491,2.04365,-0.0781507,2.31002
439,2.36602,2.27659,2.03478,0.0894299,2.3213
440,2.53365,2.20886,2.03398,0.324788,2.37125
441,2.5409,2.20483,2.0364,0.336067,2.37287
442,2.55379,2.20322,2.03881,0.35057,2.37851
443,2.49498,2.21853,2.04204,0.276448,2.35675
444,2.40066,2.25398,2.0517,0.146683,2.32732
445,2.46512,2.22578,2.04848,0.239336,2.34545
446,2.52962,2.20967,2.05251,0.319954,2.36964
447,2.51512,2.21128,2.05009,0.303841,2.3632
448,2.49739,2.21611,2.0509,0.281282,2.35675
449,2.50142,2.21853,2.04687,0.282894,2.35998
450,2.46673,2.22256,2.04848,0.244171,2.34464
451,2.45303,2.23061,2.04123,0.222418,2.34182
452,2.43531,2.23061,2.04042,0.204693,2.33296
453,2.43289,2.23545,2.03398,0.197442,2.33417
454,2.4635,2.23061,2.04284,0.232891,2.34706
455,2.48531,2.22175,2.03156,0.263556,2.35353
456,2.49578,2.22095,2.03156,0.274837,2.35836
457,2.4837,2.22014,2.03881,0.263556,2.35192
458,2.48531,2.22014,2.0364,0.265168,2.35272
459,2.48047,2.21933,2.0364,0.26114,2.3499
460,2.4837,2.22336,2.03317,0.260334,2.35353
461,2.44659,2.23303,2.03237,0.213555,2.33981
462,2.42483,2.23787,2.03156,0.186967,2.33135
463,2.46753,2.22578,2.0372,0.241753,2.34666
464,2.41114,2.24753,2.03317,0.163602,2.32933
465,2.37891,2.27175,2.03398,0.107155,2.32533
466,2.38374,2.26934,2.03962,0.114406,2.32654
467,2.34265,2.29512,2.03559,0.0475349,2.31889
468,2.32251,2.30237,2.03801,0.0201426,2.31244
470,2.74882,2.17663,2.03478,0.572182,2.46272
471,2.75043,2.18308,2.03962,0.567348,2.46675
472,2.74801,2.17502,2.03237,0.572988,2.46152
473,2.7464,2.17583,2.03559,0.570571,2.46111
474,2.75123,2.18308,2.03478,0.568153,2.46716
475,2.74882,2.18066,2.02834,0.568152,2.46474
476,2.74882,2.17422,2.03156,0.574599,2.46152
477,2.76896,2.17341,2.0364,0.595546,2.47118
478,2.7609,2.17663,2.03559,0.584267,2.46877
479,2.7609,2.17502,2.02915,0.585878,2.46796
480,2.76573,2.17905,2.03076,0.586684,2.47239
481,2.76573,2.17261,2.03237,0.593129,2.46917
482,2.76735,2.18066,2.03076,0.586683,2.474
483,2.38938,2.25478,2.02753,0.134599,2.32208
485,2.15327,2.59569,2.03076,-0.442416,2.37448
486,2.18389,2.50223,2.03398,-0.318343,2.34306
487,2.21128,2.42644,2.04204,-0.215166,2.31886
488,2.16938,2.52801,2.04687,-0.358626,2.3487
489,2.17422,2.52156,2.05734,-0.347348,2.34789
490,2.24834,2.38213,2.06218,-0.133793,2.31524
491,2.34104,2.30237,2.06545,0.0386734,2.32171
492,2.54332,2.40227,2.08156,0.141043,2.4728
493,2.77057,2.67061,2.0727,0.0999546,2.72059
494,2.79393,2.73673,2.07431,0.0572033,2.76533
495,2.7899,2.73995,2.07512,0.0499525,2.76493
496,2.78507,2.71256,2.07915,0.0725107,2.74881
497,2.78185,2.5981,2.0727,0.183744,2.68998
498,2.78668,2.54896,2.06787,0.237725,2.66782
499,2.78588,2.55379,2.0719,0.232085,2.66983
500,2.79152,2.57554,2.06218,0.215972,2.68353
501,2.79796,2.57393,2.06948,0.224028,2.68595
502,2.77701,2.49256,2.06137,0.284453,2.63479
503,2.76171,2.45948,2.05251,0.30223,2.61059
504,2.46673,2.45384,2.04526,0.0128908,2.46028
505,2.36199,2.4635,2.04929,-0.101515,2.41275
506,2.53043,2.2572,2.06218,0.273225,2.39381
507,2.76171,2.17583,2.06218,0.585878,2.46877
508,2.76896,2.17261,2.06706,0.596352,2.47078
509,2.75848,2.17663,2.0719,0.58185,2.46756
510,2.64564,2.19758,2.06218,0.448056,2.42161
511,2.55299,2.21772,2.06137,0.335261,2.38535
512,2.64806,2.20242,2.05815,0.44564,2.42523
513,2.57554,2.21208,2.05654,0.363461,2.39381
514,2.41678,2.27659,2.05734,0.140187,2.34668
515,2.39905,2.28384,2.05251,0.115211,2.34144
516,2.73673,2.18791,2.04768,0.548816,2.46232
517,2.76493,2.16858,2.04204,0.596352,2.46675
518,2.43853,2.17905,2.03317,0.25948,2.30879
519,2.12185,2.16858,2.01948,-0.0467281,2.14521
520,2.12427,2.16858,2.01464,-0.0443115,2.14642
521,2.12427,2.17099,2.01545,-0.0467281,2.14763
523,2.11299,2.16616,2.01867,-0.053174,2.13957
524,2.11621,2.16938,2.02431,-0.053175,2.1428
525,2.1146,2.17099,2.0227,-0.0563974,2.14279
526,2.12185,2.16858,2.02753,-0.0467281,2.14521
527,2.12346,2.16697,2.02834,-0.0435057,2.14521
528,2.11943,2.17583,2.15408,-0.0563965,2.14763
529,2.12749,2.16938,2.55701,-0.0418949,2.14844
530,2.12346,2.17261,2.669,-0.0491457,2.14803
531,2.11701,2.17422,2.67222,-0.0572023,2.14561
532,2.12749,2.16938,2.67222,-0.0418949,2.14844
533,2.12507,2.17261,2.67545,-0.047534,2.14884
534,2.12749,2.18227,2.67061,-0.0547857,2.15488
535,2.12668,2.17986,2.66014,-0.053175,2.15327
536,2.12185,2.17422,2.58763,-0.0523672,2.14803
537,2.12507,2.45303,2.29028,-0.32796,2.28905
538,2.13957,2.73592,2.15488,-0.596351,2.43775
539,2.37246,2.47076,2.10171,-0.0982924,2.42161
540,2.77299,2.18308,2.06218,0.589906,2.47803
541,2.7754,2.17422,2.05251,0.601187,2.47481
542,2.50384,2.17583,2.04848,0.328012,2.33983
543,2.1291,2.17019,2.04687,-0.0410881,2.14964
544,2.12185,2.17019,2.0509,-0.0483389,2.14602
545,2.12265,2.17099,2.0517,-0.0483398,2.14682
546,2.12346,2.16938,2.05009,-0.0459232,2.14642
546,2.12346,2.16938,2.05009,-0.0459232,2.14642
547,2.11701,2.17019,2.05493,-0.053174,2.1436
548,2.1154,2.17099,2.0509,-0.0555916,2.1432
549,2.11782,2.17583,2.0517,-0.0580072,2.14682
550,2.11621,2.16777,2.05493,-0.0515633,2.14199
551,2.12507,2.17099,2.06218,-0.0459223,2.14803
552,2.12185,2.17099,2.06218,-0.0491447,2.14642
553,2.11863,2.17583,2.06218,-0.0572023,2.14723
554,2.11621,2.17422,2.06303,-0.0580082,2.14521
555,2.11863,2.17502,2.07351,-0.0563965,2.14682
556,2.12265,2.17341,2.06303,-0.0507574,2.14803
557,2.12265,2.17905,2.05815,-0.0563965,2.15085
558,2.12829,2.17583,2.06218,-0.047534,2.15206
559,2.12749,2.17502,2.09848,-0.047534,2.15125
560,2.12265,2.17341,2.11137,-0.0507574,2.14803
561,2.12588,2.17986,2.11218,-0.0539799,2.15287
562,2.12588,2.17422,2.1154,-0.0483389,2.15005
563,2.12749,2.17422,2.11621,-0.0467281,2.15085
564,2.12265,2.17744,2.11299,-0.0547857,2.15005
565,2.1291,2.16938,2.1154,-0.0402832,2.14924
566,2.12346,2.17583,2.10896,-0.0523682,2.14964
567,2.12507,2.17261,2.1154,-0.047534,2.14884
568,2.12991,2.16938,2.1146,-0.0394773,2.14964
569,2.12427,2.17422,2.12104,-0.0499506,2.14924
570,2.12829,2.17663,2.11299,-0.0483398,2.15246
571,2.12588,2.17341,2.11057,-0.047534,2.14964
572,2.13152,2.17019,2.11863,-0.0386715,2.15085
573,2.12829,2.17019,2.11782,-0.041894,2.14924
574,2.13071,2.17261,2.11782,-0.0418949,2.15166
575,2.12829,2.17583,2.11943,-0.047534,2.15206
576,2.13232,2.17261,2.17261,-0.0402832,2.15246
577,2.12749,2.17099,2.25156,-0.0435057,2.14924
578,2.12265,2.17099,2.29915,-0.0483398,2.14682
579,2.12346,2.17261,2.30398,-0.0491457,2.14803
580,2.12991,2.17019,2.31284,-0.0402822,2.15005
581,2.12749,2.17019,2.34346,-0.0426998,2.14884
582,2.12346,2.17663,2.32493,-0.053174,2.15005
583,2.12346,2.16938,2.31848,-0.0459232,2.14642
584,2.12588,2.17905,2.35152,-0.0531731,2.15246
585,2.12507,2.17261,2.36763,-0.047534,2.14884
586,2.12829,2.17341,2.36038,-0.0451174,2.15085
587,2.12265,2.17341,2.65047,-0.0507574,2.14803
588,2.45142,2.17583,2.41194,0.275592,2.31362
589,2.77621,2.22417,2.39583,0.552039,2.50019
590,2.16697,2.69484,2.34185,-0.52787,2.4309
591,2.13957,2.75687,2.2282,-0.617299,2.44822
592,2.13554,2.74801,2.27256,-0.612465,2.44178
593,2.13796,2.669,2.52237,-0.53104,2.40348
594,2.13152,2.47967,2.67545,-0.348152,2.30559
595,2.13716,2.68839,2.67948,-0.551233,2.41277
595,2.13716,2.68839,2.67948,-0.551233,2.41277
596,2.13635,2.75446,2.66739,-0.618105,2.4454
597,2.14038,2.75687,2.67222,-0.616493,2.44863
598,2.14038,2.76251,2.68356,-0.622133,2.45145
599,2.13554,2.75929,2.32493,-0.623745,2.44742
600,2.13152,2.75043,2.1436,-0.618911,2.44097
601,2.13393,2.75284,2.07028,-0.61891,2.44339
602,2.12991,2.75929,2.06057,-0.629384,2.4446
603,2.2282,2.56265,2.05332,-0.334457,2.39543
604,2.63436,2.26848,2.04042,0.365878,2.45142
605,2.67384,2.2564,2.04204,0.41744,2.46512
606,2.77137,2.24995,2.03881,0.521423,2.51066
607,2.78104,2.24673,2.03076,0.534314,2.51388
608,2.75929,2.25076,2.03237,0.508533,2.50502
609,2.74559,2.25076,2.03237,0.494837,2.49817
610,2.78104,2.24109,2.03156,0.539954,2.51106
611,2.76976,2.24028,2.02028,0.529481,2.50502
612,2.77701,2.23867,2.02189,0.538343,2.50784
613,2.77379,2.23867,2.02189,0.535121,2.50623
614,2.77943,2.23867,2.02028,0.540761,2.50905
615,2.77299,2.23867,2.02592,0.534315,2.50583
616,2.77299,2.24995,2.01948,0.523034,2.51147
617,2.76573,2.24351,2.01867,0.522229,2.50462
618,2.76573,2.24673,2.02512,0.519007,2.50623
619,2.7609,2.23948,2.02189,0.521424,2.50019
620,2.75848,2.24109,2.02028,0.517396,2.49979
621,2.75848,2.24109,2.01303,0.517396,2.49979
622,2.76573,2.23787,2.01787,0.527869,2.5018
623,2.7746,2.24592,2.01787,0.528674,2.51026
624,2.76896,2.24028,2.01867,0.528675,2.50462
625,2.76171,2.24753,2.01384,0.514173,2.50462
626,2.77137,2.24592,2.0227,0.525452,2.50865
627,2.77379,2.24351,2.02592,0.530286,2.50865
628,2.77863,2.24592,2.02915,0.532702,2.51227
629,2.76976,2.24512,2.03237,0.524646,2.50744
630,2.77218,2.24189,2.03559,0.530286,2.50704
631,2.77621,2.23545,2.03801,0.54076,2.50583
632,2.77218,2.23948,2.02915,0.532703,2.50583
633,2.77379,2.23545,2.03237,0.538343,2.50462
634,2.77701,2.24109,2.02753,0.535926,2.50905
635,2.77057,2.24028,2.03076,0.530287,2.50543
636,2.77943,2.24995,2.03478,0.52948,2.51469
637,2.78024,2.2427,2.03801,0.537537,2.51147
638,2.78185,2.24351,2.03962,0.538342,2.51268
639,2.77621,2.24673,2.03801,0.52948,2.51147
640,2.77863,2.24592,2.04365,0.532702,2.51227
641,2.77299,2.2427,2.04204,0.530286,2.50784
642,2.7746,2.25076,2.04123,0.523841,2.51268
643,2.76976,2.24189,2.04365,0.527869,2.50583
644,2.78668,2.24753,2.04687,0.539148,2.51711
645,2.76896,2.24834,2.0509,0.520617,2.50865
646,2.76412,2.24351,2.04365,0.520617,2.50381
647,2.77218,2.24109,2.04042,0.531092,2.50663
648,2.77863,2.24512,2.03478,0.533508,2.51187
649,2.78024,2.24834,2.03478,0.531897,2.51429
650,2.76573,2.24431,2.03317,0.521423,2.50502
651,2.76815,2.24753,2.03559,0.520617,2.50784
652,2.7746,2.23867,2.04042,0.535927,2.50663
653,2.76896,2.24995,2.04526,0.519006,2.50945
654,2.76976,2.24109,2.04848,0.528675,2.50543
655,2.76412,2.24431,2.05412,0.519812,2.50422
656,2.76171,2.24189,2.04768,0.519813,2.5018
657,2.74237,2.25317,2.05654,0.489197,2.49777
658,2.75687,2.25478,2.5127,0.502088,2.50583
659,2.74398,2.25478,2.68028,0.489197,2.49938
660,2.75929,2.25237,2.63355,0.506922,2.50583
661,2.75365,2.25478,2.0517,0.498865,2.50422
662,2.69242,2.25881,2.03237,0.433605,2.47562
663,2.66981,2.26445,2.02673,0.405355,2.46713
664,2.54171,2.28867,2.0364,0.253033,2.41519
665,2.4635,2.31687,2.02834,0.146632,2.39019
666,2.49498,2.29915,2.0227,0.19583,2.39706
667,2.5691,2.27417,2.02189,0.294929,2.42163
668,2.56104,2.27578,2.02351,0.28526,2.41841
669,2.51915,2.2919,2.02512,0.227251,2.40552
670,2.52398,2.28867,2.01948,0.235308,2.40633
671,2.60294,2.26526,2.02592,0.337679,2.4341
672,2.68275,2.26445,2.02431,0.418298,2.4736
673,2.64967,2.27337,2.02834,0.376301,2.46152
674,2.70692,2.26284,2.02673,0.444079,2.48488
675,2.7319,2.24995,2.04042,0.481944,2.49092
676,2.76171,2.24673,2.03559,0.514978,2.50422
677,2.77218,2.24592,2.03559,0.526257,2.50905
678,2.78668,2.34185,2.0372,0.444834,2.56427
679,2.79232,2.72142,2.03398,0.070899,2.75687
680,2.80038,2.77379,2.04123,0.0265865,2.78708
681,2.79152,2.77218,2.04445,0.0193367,2.78185
682,2.79393,2.77137,2.04768,0.0225582,2.78265
683,2.79957,2.69161,2.04848,0.107961,2.74559
684,2.79393,2.45223,2.0509,0.341707,2.62308
685,2.77621,2.38133,2.04606,0.394881,2.57877
687,2.76654,2.30962,2.04204,0.456919,2.53808
688,2.78024,2.28867,2.05251,0.491563,2.53445
689,2.77621,2.27095,2.04526,0.50526,2.52358
690,2.7746,2.26042,2.03881,0.514173,2.51751
691,2.77137,2.24109,2.04042,0.530287,2.50623
692,2.77057,2.24028,2.04606,0.530287,2.50543
693,2.7754,2.24512,2.0517,0.530286,2.51026
694,2.77943,2.23948,2.05009,0.539955,2.50945
695,2.7754,2.24028,2.05251,0.535121,2.50784
696,2.77621,2.25559,2.0509,0.520617,2.5159
697,2.78024,2.24431,2.04204,0.535925,2.51227
698,2.77379,2.23948,2.04526,0.534315,2.50663
699,2.78265,2.24512,2.04768,0.537537,2.51389
700,2.76573,2.23948,2.03559,0.526258,2.50261
701,2.76654,2.24512,2.03156,0.521423,2.50583
702,2.77379,2.25076,2.02753,0.523035,2.51227
703,2.76976,2.27417,2.02915,0.495592,2.52197
704,2.78829,2.46109,2.03559,0.327205,2.62469
705,2.79232,2.73351,2.02915,0.058814,2.76291
706,2.7891,2.76573,2.03478,0.0233641,2.77742
707,2.79877,2.76493,2.03237,0.0338383,2.78185
708,2.79393,2.60616,2.0372,0.187773,2.70005
709,2.7754,2.25237,2.02834,0.523035,2.51389
710,2.76976,2.23948,2.0372,0.530287,2.50462
710,2.76976,2.23948,2.0372,0.530287,2.50462
711,2.76171,2.25398,2.03398,0.507727,2.50784
712,2.78104,2.24351,2.03237,0.537537,2.51227
713,2.77863,2.24109,2.03478,0.537538,2.50986
713,2.77863,2.24109,2.03478,0.537538,2.50986
714,2.77701,2.24673,2.05251,0.530286,2.51187
716,2.7754,2.24834,2.05009,0.527063,2.51187
717,2.78104,2.24995,2.61341,0.531091,2.5155
718,2.51915,2.29351,2.67625,0.225639,2.40633
719,2.13554,2.73915,2.67545,-0.603602,2.43735
720,2.13393,2.75123,2.67706,-0.617299,2.44258
721,2.13152,2.74962,2.68028,-0.618105,2.44057
722,2.13232,2.76009,2.67545,-0.627772,2.44621
723,2.14038,2.76412,2.68275,-0.623744,2.45225
724,2.13554,2.76251,2.67222,-0.626967,2.44903
725,2.1291,2.71498,2.66981,-0.585877,2.42204
726,2.12104,2.4337,2.58038,-0.312653,2.27737
727,2.12185,2.23948,2.03962,-0.117627,2.18066
728,2.12749,2.23787,2.02109,-0.110377,2.18268
729,2.12265,2.23706,2.02109,-0.114406,2.17986
730,2.12185,2.24189,2.01867,-0.120045,2.18187
730,2.12185,2.24189,2.01867,-0.120045,2.18187
731,2.11863,2.23384,2.01948,-0.115211,2.17623
732,2.12185,2.23867,2.01867,-0.116821,2.18026
733,2.12265,2.229,2.02673,-0.106349,2.17583
734,2.12185,2.23142,2.02431,-0.109571,2.17663
735,2.11782,2.23384,2.02915,-0.116016,2.17583
736,2.12346,2.22981,2.02592,-0.106349,2.17663
737,2.11782,2.23223,2.02431,-0.114405,2.17502
738,2.11057,2.2282,2.01867,-0.117629,2.16938
739,2.11137,2.22739,2.02109,-0.116017,2.16938
740,2.11379,2.22256,2.01464,-0.108766,2.16817
742,2.1154,2.23223,2.0082,-0.116823,2.17381
743,2.11137,2.22659,2.0082,-0.115211,2.16898
744,2.12104,2.23223,2.00739,-0.111182,2.17663
745,2.1146,2.23142,2.00578,-0.116823,2.17301
746,2.1154,2.23223,2.009,-0.116823,2.17381
747,2.1154,2.23223,2.01142,-0.116823,2.17381
748,2.12185,2.229,2.0082,-0.107154,2.17543
749,2.40711,2.22981,2.01464,0.177299,2.31846
750,2.76573,2.23464,2.02592,0.531093,2.50019
751,2.76251,2.2427,2.11299,0.519813,2.50261
752,2.19678,2.59891,2.66336,-0.402133,2.39784
753,2.18953,2.62711,2.66981,-0.437583,2.40832
754,2.17422,2.63839,2.66336,-0.464171,2.4063
755,2.13152,2.75687,2.67061,-0.625356,2.44419
756,2.14038,2.76735,2.68275,-0.626967,2.45386
757,2.12749,2.76412,2.61422,-0.636635,2.44581
758,2.12588,2.75526,2.28223,-0.629384,2.44057
759,2.12427,2.75043,2.04365,-0.626162,2.43735
760,2.13474,2.76009,2.04768,-0.625356,2.44742
761,2.12749,2.66417,2.03801,-0.53668,2.39583
762,2.12749,2.53768,2.03559,-0.41019,2.33258
764,2.13232,2.74156,2.03881,-0.609241,2.43694
765,2.12588,2.74479,2.03962,-0.61891,2.43533
766,2.12829,2.74882,2.0364,-0.620522,2.43855
767,2.13393,2.76009,2.03076,-0.626161,2.44701
768,2.13474,2.76009,2.03076,-0.625356,2.44742
769,2.12427,2.7464,2.02995,-0.622133,2.43533
770,2.12588,2.69886,2.03478,-0.572987,2.41237
771,2.12265,2.63839,2.02915,-0.515734,2.38052
772,2.12104,2.69,2.02834,-0.568958,2.40552
773,2.11621,2.42644,2.03237,-0.310236,2.27133
774,2.14521,2.24995,2.02753,-0.104738,2.19758
774,2.14521,2.24995,2.02753,-0.104738,2.19758
775,2.65772,2.64644,2.02915,0.0112791,2.65208
776,2.76493,2.76654,2.03076,-0.00161171,2.76573
777,2.79393,2.76896,2.02592,0.0249758,2.78144
778,2.47725,2.76251,2.03076,-0.28526,2.61988
779,2.13554,2.75043,2.02512,-0.614882,2.44299
780,2.13554,2.71417,2.02592,-0.578627,2.42486
781,2.2919,2.40227,2.0227,-0.110378,2.34708
782,2.45223,2.2927,2.02109,0.159524,2.37246
783,2.36038,2.33621,2.02189,0.0241699,2.34829
784,2.22739,2.44981,2.01706,-0.222418,2.3386
785,2.15246,2.62147,2.02673,-0.469005,2.38697
786,2.14038,2.69161,2.01948,-0.551233,2.416
787,2.13877,2.68678,2.0227,-0.548012,2.41277
788,2.13393,2.72464,2.01787,-0.590711,2.42929
789,2.13152,2.73754,2.02028,-0.606019,2.43453
790,2.13474,2.74559,2.01545,-0.610854,2.44017
791,2.13635,2.74156,2.02109,-0.605213,2.43896
792,2.12991,2.74801,2.02915,-0.618104,2.43896
793,2.13152,2.75365,2.02753,-0.622133,2.44258
794,2.13474,2.74801,2.02673,-0.613271,2.44137
795,2.13474,2.74962,2.02915,-0.614882,2.44218
796,2.13716,2.75607,2.03398,-0.61891,2.44661
797,2.13152,2.74398,2.02834,-0.612465,2.43775
798,2.1291,2.74962,2.02753,-0.620522,2.43936
799,2.13796,2.75043,2.03317,-0.612465,2.44419
800,2.12749,2.74237,2.03076,-0.614882,2.43493
801,2.13474,2.74237,2.03317,-0.607632,2.43855
802,2.14038,2.74962,2.02753,-0.609242,2.445
803,2.13152,2.74318,2.03559,-0.61166,2.43735
804,2.12991,2.74962,2.02753,-0.619716,2.43976
805,2.1291,2.74479,2.03237,-0.615687,2.43694
806,2.13071,2.7464,2.02673,-0.615688,2.43855
807,2.13152,2.74237,2.02753,-0.610854,2.43694
808,2.13393,2.74398,2.02915,-0.610047,2.43896
808,2.13393,2.74398,2.02915,-0.610047,2.43896
809,2.13152,2.74156,2.03237,-0.610047,2.43654
810,2.12991,2.74318,2.02512,-0.613271,2.43654
810,2.12991,2.74318,2.02512,-0.613271,2.43654
811,2.12507,2.74237,2.02834,-0.617299,2.43372
812,2.12829,2.74962,2.02512,-0.621327,2.43896
813,2.13152,2.74318,2.03076,-0.61166,2.43735
814,2.13796,2.75848,2.03076,-0.620522,2.44822
815,2.12668,2.74801,2.03076,-0.621327,2.43735
816,2.13152,2.74882,2.02915,-0.617299,2.44017
817,2.12829,2.74962,2.02753,-0.621327,2.43896
818,2.1291,2.74882,2.03478,-0.619716,2.43896
819,2.13716,2.7464,2.03076,-0.609242,2.44178
820,2.13071,2.74559,2.03237,-0.614882,2.43815
821,2.13152,2.7464,2.02673,-0.614882,2.43896
821,2.13152,2.7464,2.02673,-0.614882,2.43896
822,2.13796,2.7472,2.02673,-0.609242,2.44258
823,2.13474,2.74962,2.03398,-0.614882,2.44218
824,2.13474,2.75526,2.03559,-0.620522,2.445
825,2.13071,2.75365,2.02834,-0.622939,2.44218
826,2.13877,2.73995,2.02834,-0.601185,2.43936
827,2.15005,2.68597,2.02834,-0.535926,2.41801
828,2.15327,2.67545,2.03317,-0.522179,2.41436
829,2.14118,2.71417,2.02753,-0.572987,2.42768
830,2.14199,2.70934,2.03156,-0.567347,2.42566
830,2.14199,2.70934,2.03156,-0.567347,2.42566
831,2.13796,2.71901,2.03398,-0.581043,2.42848
832,2.13554,2.75526,2.02915,-0.619717,2.4454
833,2.12507,2.75607,2.03398,-0.630995,2.44057
834,2.13232,2.75365,2.03398,-0.621327,2.44299
835,2.1291,2.75687,2.03398,-0.627772,2.44299
836,2.12749,2.75204,2.03237,-0.62455,2.43976
837,2.1291,2.75929,2.0372,-0.63019,2.44419
838,2.1291,2.75687,2.03317,-0.627772,2.44299
839,2.12507,2.75768,2.03478,-0.632607,2.44137
840,2.12588,2.75526,2.03317,-0.629384,2.44057
841,2.12507,2.75123,2.03962,-0.626162,2.43815
842,2.13716,2.74962,2.0227,-0.612465,2.44339
843,2.14038,2.73431,2.03076,-0.593934,2.43735
844,2.13957,2.74479,2.02753,-0.605214,2.44218
845,2.13796,2.74962,2.0372,-0.611659,2.44379
846,2.12346,2.75607,2.04526,-0.632607,2.43976
847,2.13071,2.75284,2.0364,-0.622133,2.44178
848,2.12346,2.75446,2.03881,-0.630996,2.43896
849,2.12749,2.74882,2.03237,-0.621327,2.43815
850,2.12829,2.74318,2.03801,-0.614882,2.43573
851,2.13152,2.75768,2.02673,-0.626162,2.4446
852,2.30156,2.4055,2.02834,-0.103932,2.35353
853,2.30559,2.38858,2.03237,-0.082984,2.34708
854,2.3209,2.38697,2.03559,-0.0660648,2.35393
855,2.22497,2.47725,2.03478,-0.252277,2.35111
856,2.16777,2.60616,2.02673,-0.438389,2.38697
857,2.25237,2.44578,2.02109,-0.193413,2.34907
858,2.24834,2.44578,2.02753,-0.197441,2.34706
859,2.24834,2.44256,2.02592,-0.194219,2.34545
860,2.24673,2.44417,2.02189,-0.197441,2.34545
861,2.24834,2.44739,2.02351,-0.199052,2.34787
862,2.25156,2.44095,2.02512,-0.189384,2.34625
863,2.24592,2.44497,2.02109,-0.199052,2.34545
864,2.25237,2.44014,2.02834,-0.187773,2.34625
865,2.24673,2.44578,2.02592,-0.199053,2.34625
866,2.24834,2.44578,2.02189,-0.197441,2.34706
867,2.25076,2.44739,2.02351,-0.196635,2.34907
869,2.24592,2.44739,2.02512,-0.201468,2.34666
870,2.25398,2.44659,2.02189,-0.192607,2.35028
871,2.24673,2.44578,2.02592,-0.199053,2.34625
872,2.24834,2.4482,2.02351,-0.199858,2.34827
873,2.25076,2.44497,2.02431,-0.194219,2.34787
874,2.24834,2.44014,2.02673,-0.191801,2.34424
875,2.25398,2.4482,2.02189,-0.194218,2.35109
876,2.24834,2.44659,2.02189,-0.198247,2.34746
877,2.24592,2.44417,2.02109,-0.198246,2.34505
878,2.24673,2.43933,2.02431,-0.192607,2.34303
879,2.24673,2.44659,2.02512,-0.199859,2.34666
880,2.25478,2.44417,2.02915,-0.189384,2.34948
881,2.24431,2.43933,2.02753,-0.195024,2.34182
882,2.24753,2.44256,2.01948,-0.195024,2.34505
883,2.25156,2.44417,2.02109,-0.192607,2.34787
884,2.25076,2.449,2.02189,-0.198247,2.34988
885,2.25317,2.44659,2.02189,-0.193413,2.34988
886,2.25156,2.44336,2.02028,-0.191801,2.34746
887,2.25398,2.45384,2.02753,-0.199858,2.35391
888,2.25156,2.44336,2.03156,-0.191801,2.34746
889,2.24995,2.44497,2.02673,-0.195024,2.34746
890,2.24753,2.44417,2.02753,-0.196635,2.34585
891,2.24592,2.44497,2.02109,-0.199052,2.34545
892,2.24753,2.44497,2.02109,-0.197441,2.34625
893,2.24431,2.44739,2.02189,-0.20308,2.34585
894,2.24834,2.44175,2.02189,-0.193413,2.34505
895,2.24673,2.45223,2.0227,-0.205498,2.34948
896,2.24673,2.44175,2.02753,-0.195024,2.34424
897,2.25237,2.44336,2.0227,-0.190995,2.34787
898,2.24673,2.44981,2.02592,-0.203081,2.34827
899,2.25076,2.44981,2.02351,-0.199053,2.35028
900,2.24673,2.44095,2.02431,-0.194219,2.34384
901,2.24995,2.4482,2.02351,-0.198246,2.34907
902,2.24995,2.44981,2.02431,-0.199858,2.34988
903,2.24915,2.44497,2.02753,-0.195829,2.34706
904,2.25076,2.44497,2.02834,-0.194219,2.34787
905,2.24834,2.4482,2.0227,-0.199858,2.34827
906,2.25237,2.44336,2.02834,-0.190995,2.34787
907,2.25317,2.44578,2.02512,-0.192607,2.34948
908,2.25156,2.44417,2.03156,-0.192607,2.34787
909,2.24753,2.44578,2.02512,-0.198247,2.34666
910,2.24592,2.4482,2.0227,-0.202274,2.34706
911,2.24834,2.44497,2.02915,-0.196635,2.34666
912,2.25156,2.44014,2.02431,-0.188579,2.34585
913,2.25076,2.44095,2.0227,-0.19019,2.34585
914,2.24995,2.44095,2.0227,-0.190995,2.34545
915,2.24753,2.45061,2.02431,-0.203081,2.34907
916,2.25317,2.44336,2.02431,-0.190189,2.34827
917,2.24673,2.44336,2.02673,-0.196635,2.34505
918,2.25317,2.44175,2.02512,-0.188579,2.34746
919,2.24834,2.44659,2.02753,-0.198247,2.34746
920,2.25076,2.44739,2.03156,-0.196635,2.34907
920,2.25076,2.44739,2.03156,-0.196635,2.34907
921,2.24995,2.44417,2.02673,-0.194218,2.34706
921,2.24995,2.44417,2.02673,-0.194218,2.34706
922,2.24834,2.44578,2.02673,-0.197441,2.34706
923,2.24995,2.44095,2.02512,-0.190995,2.34545
924,2.24512,2.44497,2.02592,-0.199858,2.34505
925,2.25156,2.44336,2.02673,-0.191801,2.34746
925,2.25156,2.44336,2.02673,-0.191801,2.34746
926,2.24995,2.44336,2.02673,-0.193412,2.34666
927,2.24592,2.44578,2.02431,-0.199858,2.34585
928,2.25156,2.44417,2.02915,-0.192607,2.34787
929,2.24512,2.44175,2.02512,-0.196635,2.34343
930,2.24915,2.44336,2.02915,-0.194218,2.34625
931,2.24753,2.44497,2.02431,-0.197441,2.34625
932,2.24753,2.44659,2.02189,-0.199053,2.34706
933,2.24995,2.44095,2.02512,-0.190995,2.34545
933,2.24995,2.44095,2.02512,-0.190995,2.34545
934,2.24834,2.44095,2.02512,-0.192607,2.34464
935,2.24753,2.44578,2.02592,-0.198247,2.34666
936,2.25076,2.45061,2.02512,-0.199859,2.35069
937,2.25237,2.44175,2.02592,-0.189384,2.34706
938,2.25237,2.44256,2.02351,-0.19019,2.34746
939,2.25076,2.44981,2.02673,-0.199053,2.35028
940,2.24592,2.44659,2.02834,-0.200664,2.34625
941,2.24673,2.43933,2.02431,-0.192607,2.34303
942,2.24673,2.4482,2.0227,-0.201469,2.34746
943,2.24834,2.44336,2.02673,-0.195024,2.34585
944,2.25317,2.44739,2.02189,-0.194218,2.35028
945,2.24512,2.44659,2.02431,-0.201469,2.34585
946,2.25156,2.44417,2.03076,-0.192607,2.34787
947,2.25237,2.44417,2.02915,-0.191801,2.34827
948,2.24431,2.4482,2.0227,-0.203886,2.34625
949,2.25076,2.44981,2.0227,-0.199053,2.35028
950,2.24834,2.44578,2.02431,-0.197441,2.34706
951,2.25398,2.44095,2.02834,-0.186967,2.34746
952,2.24753,2.44175,2.02753,-0.194219,2.34464
952,2.24753,2.44175,2.02753,-0.194219,2.34464
953,2.25076,2.44417,2.02753,-0.193413,2.34746
954,2.25156,2.44175,2.02512,-0.19019,2.34666
955,2.25076,2.44336,2.02431,-0.192607,2.34706
956,2.24995,2.4482,2.0227,-0.198246,2.34907
957,2.24431,2.44417,2.02753,-0.199858,2.34424
959,2.24351,2.44175,2.02834,-0.198247,2.34263
960,2.24512,2.43772,2.02915,-0.192607,2.34142
961,2.24995,2.45061,2.02592,-0.200664,2.35028
962,2.24834,2.44175,2.02834,-0.193413,2.34505
963,2.25076,2.44417,2.02753,-0.193413,2.34746
964,2.24431,2.44497,2.02512,-0.200664,2.34464
965,2.25156,2.44417,2.02512,-0.192607,2.34787
966,2.25237,2.44336,2.02915,-0.190995,2.34787
967,2.24915,2.44336,2.03076,-0.194218,2.34625
968,2.2564,2.44578,2.02834,-0.189384,2.35109
969,2.24673,2.44659,2.02189,-0.199859,2.34666
970,2.25156,2.45384,2.02673,-0.202275,2.3527
970,2.25156,2.45384,2.02673,-0.202275,2.3527
971,2.25317,2.44095,2.02431,-0.187773,2.34706
972,2.25156,2.44095,2.02753,-0.189384,2.34625
973,2.24834,2.44659,2.02431,-0.198247,2.34746
974,2.24753,2.44175,2.02592,-0.194219,2.34464
975,2.24673,2.44739,2.03156,-0.200664,2.34706
976,2.24512,2.44578,2.02189,-0.200664,2.34545
977,2.24995,2.44981,2.02512,-0.199858,2.34988
977,2.24995,2.44981,2.02512,-0.199858,2.34988
978,2.25156,2.44336,2.02915,-0.191801,2.34746
979,2.24995,2.44497,2.02753,-0.195024,2.34746
980,2.24592,2.44739,2.02915,-0.201468,2.34666
981,2.24753,2.4482,2.0227,-0.200664,2.34787
982,2.24995,2.44095,2.0227,-0.190995,2.34545
983,2.24673,2.44981,2.02109,-0.203081,2.34827
984,2.25237,2.44659,2.02189,-0.194219,2.34948
985,2.25317,2.45061,2.02351,-0.197441,2.35189
986,2.24995,2.44417,2.02431,-0.194218,2.34706
987,2.24834,2.45061,2.02189,-0.202275,2.34948
988,2.25478,2.449,2.02673,-0.194219,2.35189
989,2.25881,2.45061,2.03076,-0.191802,2.35471
990,2.24915,2.4482,2.0227,-0.199052,2.34867
991,2.24673,2.44578,2.02109,-0.199053,2.34625
992,2.25317,2.44497,2.02995,-0.191801,2.34907
993,2.24834,2.44095,2.02592,-0.192607,2.34464
994,2.25478,2.44095,2.02431,-0.186162,2.34787
995,2.24673,2.45142,2.02592,-0.204692,2.34907
996,2.25076,2.449,2.02512,-0.198247,2.34988
997,2.24592,2.4482,2.02189,-0.202274,2.34706
998,2.24673,2.44417,2.0227,-0.197441,2.34545
999,2.25478,2.44659,2.02512,-0.191802,2.35069
1,2.77057,2.24351,2.02592,0.527063,2.50704
2,2.7754,2.24028,2.03398,0.535121,2.50784
3,2.77621,2.24995,2.02915,0.526257,2.51308
4,2.77379,2.24028,2.02753,0.533509,2.50704
5,2.7754,2.24431,2.03076,0.531092,2.50986
6,2.77863,2.24028,2.03076,0.538343,2.50945
7,2.77863,2.23787,2.03156,0.54076,2.50825
8,2.77299,2.23787,2.02915,0.53512,2.50543
9,2.76976,2.24109,2.0372,0.528675,2.50543
10,2.78024,2.24028,2.03398,0.539954,2.51026
11,2.76896,2.23948,2.03237,0.529481,2.50422
12,2.78185,2.24431,2.02592,0.537537,2.51308
13,2.77863,2.24351,2.02834,0.53512,2.51107
14,2.77379,2.24028,2.03237,0.533509,2.50704
15,2.77701,2.24512,2.03076,0.531897,2.51107
15,2.77701,2.24512,2.03076,0.531897,2.51107
16,2.77943,2.24028,2.03237,0.539149,2.50986
17,2.77379,2.24431,2.03156,0.52948,2.50905
18,2.64322,2.26042,2.03478,0.382797,2.45182
19,2.58763,2.27578,2.03317,0.311847,2.43171
20,2.54009,2.27739,2.0372,0.2627,2.40874
21,2.51592,2.2919,2.03559,0.224029,2.40391
22,2.50787,2.29512,2.03801,0.212749,2.40149
23,2.45061,2.31043,2.04042,0.140188,2.38052
24,2.42644,2.32251,2.03317,0.103932,2.37448
25,2.43853,2.31929,2.03076,0.119241,2.37891
26,2.39502,2.34265,2.03398,0.0523691,2.36884
27,2.31204,2.39422,2.04204,-0.0821791,2.35313
28,2.34265,2.37569,2.04204,-0.0330334,2.35917
29,2.48531,2.29512,2.04687,0.19019,2.39021
31,2.43047,2.3201,2.04768,0.110378,2.37528
32,2.38535,2.33782,2.05412,0.0475349,2.36159
33,2.49739,2.28948,2.05332,0.207915,2.39344
34,2.59246,2.27256,2.0517,0.319903,2.43251
35,2.59649,2.27175,2.05815,0.324738,2.43412
36,2.5828,2.27417,2.05896,0.308625,2.42848
37,2.52962,2.29028,2.05654,0.239337,2.40995
38,2.48934,2.29512,2.05493,0.194219,2.39223
39,2.46189,2.30317,2.05815,0.158719,2.38253
40,2.50384,2.29512,2.05896,0.208721,2.39948
41,2.57232,2.27095,2.05654,0.301373,2.42163
42,2.52962,2.28867,2.05654,0.240948,2.40915
43,2.41355,2.32574,2.05493,0.0878181,2.36964
44,2.32574,2.37891,2.06137,-0.053174,2.35232
45,2.32332,2.39341,2.05654,-0.0700941,2.35836
46,2.37891,2.39019,2.05412,-0.0112801,2.38455
47,2.45706,2.41597,2.05734,0.04109,2.43651
48,2.56346,2.4482,2.05815,0.115262,2.50583
49,2.65853,2.5127,2.05896,0.145827,2.58562
50,2.72545,2.64322,2.06218,0.0822287,2.68434
51,2.75365,2.69806,2.06137,0.0555916,2.72585
52,2.75687,2.70773,2.05976,0.0491467,2.7323
53,2.75043,2.69725,2.05251,0.053175,2.72384
56,2.73754,2.68436,2.04848,0.053174,2.71095
57,2.75929,2.69967,2.05493,0.0596209,2.72948
58,2.77057,2.71417,2.0517,0.0563974,2.74237
59,2.76332,2.69886,2.05251,0.0644541,2.73109
60,2.75929,2.70611,2.05251,0.053175,2.7327
61,2.76412,2.70934,2.0509,0.0547857,2.73673
62,2.76332,2.71417,2.04687,0.0491467,2.73874
63,2.76976,2.71175,2.05332,0.0580091,2.74076
64,2.79474,2.73834,2.05654,0.0563974,2.76654
65,2.78829,2.73834,2.05493,0.0499516,2.76332
66,2.79635,2.75284,2.05412,0.0435057,2.7746
67,2.80118,2.76976,2.06057,0.0314207,2.78547
68,2.80924,2.77621,2.05896,0.0330334,2.79272
69,2.79877,2.77621,2.05976,0.0225592,2.78749
70,2.80602,2.74882,2.06218,0.0572033,2.77742
71,2.76009,2.66497,2.06218,0.0951204,2.71253
72,2.78668,2.5127,2.06218,0.27398,2.64969
73,2.77057,2.39422,2.05896,0.376351,2.58239
74,2.68839,2.33057,2.06137,0.357821,2.50948
75,2.35635,2.2919,2.06057,0.0644541,2.32412
76,2.14682,2.26123,2.06218,-0.114407,2.20403
76,2.14682,2.26123,2.06218,-0.114407,2.20403
77,2.12427,2.24834,2.06465,-0.124074,2.1863
78,2.13474,2.24592,2.06465,-0.111184,2.19033
79,2.12991,2.24189,2.06948,-0.111988,2.1859
80,2.1291,2.24351,2.06303,-0.114406,2.1863
81,2.13393,2.24512,2.07673,-0.111183,2.18953
82,2.13554,2.24673,2.07915,-0.111183,2.19114
83,2.13554,2.24189,2.20644,-0.106349,2.18872
84,2.13716,2.24351,2.54896,-0.106349,2.19033
85,2.13393,2.24028,2.67384,-0.106348,2.18711
86,2.13313,2.24592,2.67142,-0.112795,2.18953
87,2.13313,2.24512,2.66739,-0.111989,2.18912
88,2.13071,2.24351,2.59971,-0.112795,2.18711
89,2.13152,2.24431,2.20483,-0.112795,2.18791
90,2.1291,2.24673,2.04204,-0.117628,2.18791
92,2.13232,2.24351,2.03881,-0.111183,2.18791
93,2.13635,2.24351,2.04445,-0.107155,2.18993
94,2.13474,2.24834,2.04204,-0.113601,2.19154
95,2.1291,2.24189,2.04929,-0.112794,2.1855
96,2.1291,2.24431,2.04284,-0.115211,2.18671
97,2.13232,2.24189,2.04365,-0.109571,2.18711
98,2.12829,2.24753,2.04042,-0.11924,2.18791
99,2.13635,2.24673,2.04204,-0.110377,2.19154
100,2.13635,2.29592,2.0719,-0.159574,2.21614
101,2.13554,2.34829,2.17583,-0.212749,2.24192
102,2.13635,2.43772,2.38133,-0.301373,2.28704
103,2.14763,2.66014,2.56185,-0.51251,2.40388
104,2.14763,2.76009,2.65289,-0.612465,2.45386
105,2.11943,2.76654,2.66417,-0.647109,2.44299
106,2.1573,2.77379,2.66578,-0.616493,2.46554
107,2.15085,2.76412,2.669,-0.613271,2.45749
108,2.15327,2.76654,2.67787,-0.613271,2.4599
109,2.15569,2.77057,2.68517,-0.614882,2.46313
110,2.14441,2.76815,2.67384,-0.623744,2.45628
111,2.14763,2.76896,2.67384,-0.621327,2.45829
112,2.14763,2.77057,2.67787,-0.622939,2.4591
113,2.15488,2.77137,2.68194,-0.616494,2.46313
114,2.14521,2.75768,2.67867,-0.612465,2.45145
115,2.1573,2.77218,2.68109,-0.614882,2.46474
116,2.15085,2.77379,2.68436,-0.622939,2.46232
117,2.16052,2.77621,2.68517,-0.615687,2.46836
118,2.16938,2.75446,2.68678,-0.585073,2.46192
119,2.19678,2.69886,2.67867,-0.502088,2.44782
120,2.31929,2.48853,2.67867,-0.169242,2.40391
121,2.57877,2.31204,2.67625,0.266729,2.4454
122,2.71578,2.26934,2.66739,0.446445,2.49256
123,2.72062,2.27981,2.67625,0.440805,2.50021
124,2.74156,2.26934,2.67384,0.472226,2.50545
125,2.73109,2.26934,2.67303,0.461753,2.50021
126,2.65772,2.28948,2.67867,0.368244,2.4736
127,2.58602,2.30801,2.67222,0.278008,2.44701
128,2.60616,2.30156,2.68028,0.304596,2.45386
129,2.62711,2.29512,2.67787,0.33199,2.46111
130,2.63517,2.28948,2.67061,0.345686,2.46232
131,2.67061,2.28545,2.68194,0.385163,2.47803
132,2.73028,2.27256,2.68194,0.457725,2.50142
133,2.77863,2.25801,2.68194,0.520617,2.51832
134,2.76251,2.23061,2.69,0.531898,2.49656
135,2.78668,2.25156,2.68436,0.53512,2.51912
136,2.75284,2.25317,2.68275,0.49967,2.50301
137,2.57313,2.25076,2.66578,0.322371,2.41194
138,2.53365,2.24431,2.65692,0.289338,2.38898
139,2.68356,2.23787,2.65208,0.44569,2.46071
140,2.77621,2.24834,2.64967,0.527868,2.51227
141,2.78024,2.24512,2.66256,0.535119,2.51268
141,2.78024,2.24512,2.66256,0.535119,2.51268
142,2.78668,2.24995,2.66336,0.536731,2.51832
143,2.6892,2.28545,2.65128,0.403745,2.48732
144,2.34991,2.4627,2.46914,-0.112795,2.4063
145,2.24189,2.61261,2.1428,-0.370711,2.42725
146,2.23384,2.64886,2.04848,-0.415024,2.44135
147,2.20967,2.71417,2.04687,-0.504504,2.46192
148,2.14682,2.76009,2.63839,-0.613271,2.45346
149,2.14682,2.76332,2.63758,-0.616494,2.45507
150,2.14118,2.75848,2.05251,-0.617299,2.44983
151,2.15005,2.75687,2.06218,-0.606825,2.45346
152,2.14602,2.75446,2.06218,-0.608437,2.45024
153,2.14521,2.75365,2.05734,-0.608437,2.44943
154,2.14602,2.70773,2.06218,-0.561707,2.42687
155,2.13152,2.60133,2.05976,-0.46981,2.36642
156,2.13635,2.59569,2.06218,-0.459335,2.36602
158,2.14682,2.59488,2.06787,-0.448057,2.37085
159,2.5691,2.59971,2.06137,-0.0306149,2.58441
159,2.5691,2.59971,2.06137,-0.0306149,2.58441
160,2.79232,2.72464,2.05896,0.0676765,2.75848
161,2.68028,2.74237,2.06218,-0.062088,2.71133
162,2.65853,2.74398,2.05976,-0.0854521,2.70125
163,2.55621,2.76573,2.05412,-0.209526,2.66097
164,2.41355,2.76896,2.06137,-0.355404,2.59126
165,2.44497,2.77701,2.05976,-0.332039,2.61099
166,2.62711,2.77057,2.05815,-0.14346,2.69884
167,2.7609,2.77218,2.05251,-0.0112791,2.76654
168,2.79796,2.77621,2.05332,0.0217533,2.78708
169,2.79313,2.77943,2.06384,0.0136957,2.78628
170,2.80038,2.77701,2.06706,0.0233641,2.7887
171,2.76654,2.77701,2.06948,-0.0104733,2.77178
172,2.80199,2.78668,2.06218,0.0153074,2.79434
173,2.78588,2.77299,2.07028,0.0128908,2.77943
174,2.4837,2.77218,2.07512,-0.288483,2.62794
175,2.17986,2.76735,2.08398,-0.587489,2.4736
176,2.13232,2.76654,2.07109,-0.634218,2.44943
177,2.13796,2.75123,2.06626,-0.613271,2.4446
178,2.14924,2.73109,2.06465,-0.581849,2.44017
179,2.14924,2.72545,2.05654,-0.576209,2.43735
180,2.15005,2.69484,2.06303,-0.544788,2.42244
181,2.14682,2.72706,2.0719,-0.580238,2.43694
182,2.14682,2.75848,2.07915,-0.61166,2.45265
183,2.14682,2.72867,2.07431,-0.581849,2.43775
184,2.15569,2.69322,2.0719,-0.537538,2.42445
185,2.15649,2.70773,2.08398,-0.551233,2.43211
186,2.14844,2.72706,2.08882,-0.578627,2.43775
187,2.14521,2.72142,2.08156,-0.576209,2.43332
188,2.14602,2.72867,2.08559,-0.582654,2.43735
189,2.15408,2.73431,2.09284,-0.580237,2.44419
190,2.15085,2.73592,2.36924,-0.585072,2.44339
191,2.15488,2.74156,2.68436,-0.586683,2.44822
192,2.17905,2.68356,2.58763,-0.504505,2.4313
193,2.19033,2.60294,2.09526,-0.412607,2.39663
194,2.19516,2.57232,2.09687,-0.377157,2.38374
195,2.17099,2.64806,2.08318,-0.477061,2.40952
197,2.15166,2.73351,2.08559,-0.581849,2.44258
198,2.15408,2.72787,2.08962,-0.573792,2.44097
199,2.1573,2.72384,2.08962,-0.566541,2.44057
200,2.15166,2.73109,2.08559,-0.579432,2.44137
201,2.15327,2.73431,2.08237,-0.581043,2.44379
202,2.15488,2.72384,2.07995,-0.568958,2.43936
203,2.1573,2.72787,2.08479,-0.570569,2.44258
204,2.15166,2.71659,2.07754,-0.56493,2.43412
205,2.16858,2.69,2.07028,-0.521424,2.42929
206,2.18308,2.62066,2.07109,-0.437583,2.40187
207,2.25156,2.48611,2.07109,-0.234552,2.36884
208,2.28062,2.45061,2.06706,-0.169998,2.36562
209,2.27578,2.45464,2.06948,-0.178861,2.36521
210,2.26284,2.47564,2.06948,-0.212799,2.36924
211,2.26284,2.46109,2.07754,-0.198247,2.36196
212,2.26687,2.46028,2.07592,-0.193413,2.36358
213,2.29673,2.4345,2.07834,-0.137772,2.36562
214,2.31446,2.41919,2.08479,-0.104737,2.36682
215,2.23303,2.50303,2.08962,-0.270002,2.36803
216,2.18227,2.60938,2.0864,-0.427109,2.39583
217,2.23867,2.48853,2.09607,-0.249861,2.3636
218,2.25237,2.46914,2.09204,-0.216777,2.36076
219,2.28948,2.42805,2.09607,-0.138576,2.35877
220,2.51592,2.30156,2.09365,0.21436,2.40874
221,2.45706,2.31284,2.09768,0.144216,2.38495
222,2.33621,2.39019,2.0872,-0.0539808,2.3632
223,2.41678,2.3354,2.08559,0.0813732,2.37609
224,2.55057,2.29109,2.07915,0.259479,2.42083
225,2.52559,2.28948,2.08398,0.236114,2.40754
226,2.47237,2.30962,2.09043,0.162745,2.39099
227,2.45223,2.30962,2.40872,0.142604,2.38092
228,2.39986,2.33782,2.68028,0.0620365,2.36884
229,2.34265,2.37085,2.68839,-0.0281992,2.35675
229,2.34265,2.37085,2.68839,-0.0281992,2.35675
230,2.26606,2.44659,2.67787,-0.180522,2.35633
231,2.26526,2.45061,2.25962,-0.185356,2.35794
232,2.36521,2.36844,2.07915,-0.00322342,2.36682
234,2.32493,2.39502,2.06787,-0.0700932,2.35998
235,2.41194,2.3346,2.06218,0.0773449,2.37327
236,2.44739,2.31929,2.06137,0.128102,2.38334
236,2.44739,2.31929,2.06137,0.128102,2.38334
237,2.47398,2.30559,2.06218,0.168386,2.38979
238,2.49095,2.29915,2.06137,0.191801,2.39505
239,2.44578,2.32976,2.06218,0.116017,2.38777
240,2.31607,2.41114,2.06218,-0.0950689,2.3636
241,2.27014,2.45142,2.06218,-0.181277,2.36078
242,2.25962,2.46028,2.06465,-0.200664,2.35995
243,2.28223,2.43531,2.06867,-0.153079,2.35877
244,2.27739,2.44336,2.06545,-0.165969,2.36038
245,2.31204,2.39825,2.06303,-0.0862074,2.35514
246,2.36279,2.36682,2.06218,-0.00402832,2.36481
247,2.35474,2.36682,2.06218,-0.012085,2.36078
248,2.36199,2.36199,2.06137,0.0,2.36199
249,2.39261,2.34185,2.06218,0.0507574,2.36723
250,2.37971,2.34829,2.06218,0.0314217,2.364
251,2.32815,2.37971,2.06218,-0.0515633,2.35393
252,2.32493,2.3773,2.06218,-0.0523691,2.35111
253,2.34104,2.36763,2.06384,-0.0265875,2.35434
254,2.31848,2.39019,2.06218,-0.0717058,2.35434
255,2.26934,2.42564,2.06384,-0.156301,2.34749
256,2.29028,2.4063,2.06218,-0.116018,2.34829
257,2.34749,2.36279,2.06545,-0.0153074,2.35514
257,2.34749,2.36279,2.06545,-0.0153074,2.35514
258,2.39825,2.32896,2.07431,0.0692883,2.3636
258,2.39825,2.32896,2.07431,0.0692883,2.3636
259,2.41194,2.32815,2.07109,0.0837898,2.37005
260,2.42644,2.32171,2.07834,0.104737,2.37407
261,2.48047,2.2919,2.0864,0.188579,2.38618
262,2.51351,2.28706,2.08318,0.226446,2.40028
263,2.51915,2.28787,2.08882,0.231279,2.40351
264,2.5119,2.30559,2.09365,0.206303,2.40874
266,2.58763,2.39019,2.09365,0.19744,2.48891
266,2.58763,2.39019,2.09365,0.19744,2.48891
267,2.63114,2.42886,2.08801,0.202276,2.53
268,2.67545,2.50142,2.09687,0.174026,2.58844
269,2.73109,2.69161,2.08559,0.0394783,2.71135
270,2.77137,2.75687,2.08318,0.0145025,2.76412
271,2.77701,2.77057,2.09204,0.00644493,2.77379
272,2.78507,2.77701,2.08801,0.00805664,2.78104
273,2.78024,2.77218,2.08318,0.00805664,2.77621
274,2.79474,2.7754,2.0872,0.0193357,2.78507
275,2.79957,2.77218,2.0872,0.0273933,2.78588
276,2.80118,2.78104,2.09365,0.0201416,2.79111
277,2.78024,2.76573,2.08076,0.0145016,2.77299
278,2.68194,2.67061,2.09043,0.0113306,2.67628
279,2.44417,2.52398,2.0864,-0.079812,2.48407
280,2.32332,2.42403,2.08479,-0.100709,2.37367
281,2.32332,2.40388,2.09043,-0.0805674,2.3636
282,2.34507,2.38697,2.07592,-0.0418949,2.36602
283,2.4063,2.33782,2.07592,0.0684824,2.37206
284,2.44578,2.32412,2.07351,0.121657,2.38495
285,2.44175,2.33218,2.07351,0.109572,2.38697
286,2.54896,2.28384,2.07592,0.265118,2.4164
287,2.60455,2.28706,2.07915,0.317487,2.4458
288,2.56185,2.29512,2.07512,0.26673,2.42848
289,2.44175,2.33621,2.06787,0.105544,2.38898
290,2.46512,2.3354,2.06384,0.129714,2.40026
291,2.41275,2.35635,2.06057,0.0563974,2.38455
292,2.34507,2.39341,2.05251,-0.0483408,2.36924
293,2.33299,2.40066,2.04687,-0.0676765,2.36682
294,2.35796,2.36924,2.04526,-0.0112801,2.3636
295,2.35474,2.38213,2.05009,-0.0273943,2.36843
296,2.24995,2.48692,2.04687,-0.236968,2.36843
297,2.17905,2.61341,2.04687,-0.434361,2.39623
298,2.22095,2.53848,2.0509,-0.317537,2.37971
298,2.22095,2.53848,2.0509,-0.317537,2.37971
299,2.24431,2.49659,2.05412,-0.252277,2.37045
300,2.26445,2.47317,2.04526,-0.20872,2.36881
301,2.32251,2.4055,2.0517,-0.0829849,2.364
302,2.37569,2.37327,2.05332,0.00241661,2.37448
303,2.37005,2.37085,2.06303,-0.000804901,2.37045
304,2.39663,2.35554,2.25881,0.04109,2.37609
305,2.47645,2.32251,2.62711,0.153934,2.39948
306,2.60455,2.27981,2.69161,0.324738,2.44218
307,2.62711,2.27337,2.69322,0.353743,2.45024
308,2.5546,2.2919,2.68275,0.262701,2.42325
309,2.53446,2.29431,2.35877,0.240143,2.41438
310,2.56346,2.28706,2.07995,0.276398,2.42526
311,2.53043,2.29754,2.05815,0.232891,2.41398
312,2.45464,2.32735,2.05815,0.127297,2.39099
313,2.39905,2.35877,2.06137,0.0402842,2.37891
314,2.39663,2.35152,2.06218,0.0451183,2.37407
315,2.3773,2.36279,2.06137,0.0145035,2.37005
316,2.37971,2.37085,2.05815,0.0088625,2.37528
317,2.41839,2.35071,2.05654,0.0676775,2.38455
318,2.47645,2.32251,2.06218,0.153934,2.39948
320,2.53768,2.2919,2.06218,0.245782,2.41479
321,2.53768,2.29512,2.07351,0.242559,2.4164
322,2.41114,2.34749,2.07754,0.0636482,2.37931
323,2.23706,2.50384,2.08076,-0.26678,2.37045
324,2.2145,2.52237,2.07592,-0.30787,2.36843
325,2.2145,2.52398,2.08237,-0.309481,2.36924
326,2.29109,2.44175,2.07431,-0.150662,2.36642
327,2.32332,2.39261,2.07754,-0.0692883,2.35796
328,2.21611,2.51834,2.0719,-0.30223,2.36723
329,2.17986,2.59488,2.06303,-0.415024,2.38737
329,2.17986,2.59488,2.06303,-0.415024,2.38737
330,2.2282,2.50867,2.06218,-0.280477,2.36843
331,2.3064,2.42886,2.05815,-0.122462,2.36763
332,2.32251,2.41919,2.06218,-0.0966806,2.37085
333,2.27578,2.47156,2.06218,-0.195779,2.37367
334,2.24512,2.51754,2.05734,-0.272419,2.38133
335,2.23545,2.53526,2.05654,-0.299812,2.38535
336,2.26445,2.50948,2.05734,-0.245027,2.38697
337,2.27175,2.4982,2.0509,-0.226446,2.38498
338,2.26526,2.5119,2.04687,-0.246637,2.38858
339,2.26768,2.50867,2.04687,-0.240998,2.38817
340,2.2572,2.52156,2.0372,-0.264362,2.38938
341,2.27095,2.50867,2.04526,-0.237725,2.38981
342,2.26365,2.51592,2.03801,-0.252277,2.38979
343,2.26606,2.52156,2.03962,-0.2555,2.39381
344,2.24592,2.53204,2.04042,-0.286115,2.38898
345,2.24995,2.53365,2.04123,-0.283698,2.3918
346,2.37005,2.41919,2.04042,-0.0491447,2.39462
347,2.43128,2.36682,2.05654,0.064455,2.39905
348,2.59649,2.29754,2.06218,0.298956,2.44701
349,2.72464,2.26284,2.06218,0.461803,2.49374
350,2.58602,2.27739,2.06218,0.308624,2.43171
351,2.27901,2.44014,2.06218,-0.161136,2.35957
352,2.17019,2.60777,2.06218,-0.437583,2.38898
353,2.16858,2.64403,2.06384,-0.47545,2.4063
354,2.17341,2.60374,2.06948,-0.430331,2.38858
355,2.19597,2.55379,2.06787,-0.357821,2.37488
356,2.19919,2.54412,2.06218,-0.34493,2.37166
357,2.17744,2.58038,2.06218,-0.402939,2.37891
358,2.16374,2.63033,2.06218,-0.466588,2.39704
359,2.17502,2.62066,2.06218,-0.445641,2.39784
360,2.2564,2.48611,2.06218,-0.229718,2.37125
361,2.40469,2.35716,2.05734,0.0475349,2.38092
362,2.47564,2.32332,2.05734,0.152323,2.39948
364,2.54009,2.29592,2.05734,0.24417,2.41801
365,2.6545,2.27337,2.05009,0.381135,2.46393
366,2.66739,2.26365,2.04042,0.403745,2.46552
367,2.66659,2.26204,2.04123,0.40455,2.46431
368,2.69564,2.25398,2.04204,0.441661,2.47481
369,2.7472,2.25801,2.03881,0.489197,2.50261
370,2.77863,2.23787,2.05251,0.54076,2.50825
371,2.78507,2.24753,2.05332,0.537537,2.5163
372,2.77299,2.24673,2.05815,0.526258,2.50986
373,2.75446,2.25237,2.05251,0.502088,2.50341
374,2.74237,2.24753,2.06218,0.494837,2.49495
375,2.76573,2.24753,2.44417,0.518201,2.50663
376,2.78346,2.26445,2.68436,0.519007,2.52396
377,2.78668,2.24512,2.69,0.541565,2.5159
378,2.78588,2.24995,2.66981,0.535925,2.51791
379,2.78024,2.24673,2.40066,0.533508,2.51348
380,2.78024,2.23787,2.06218,0.542371,2.50905
381,2.78588,2.23867,2.05896,0.547206,2.51227
382,2.78346,2.24431,2.05896,0.539148,2.51389
383,2.77137,2.24995,2.04687,0.521423,2.51066
384,2.75929,2.25317,2.05332,0.506116,2.50623
385,2.66981,2.27175,2.04768,0.398054,2.47078
386,2.61099,2.27901,2.0517,0.331989,2.445
387,2.68275,2.26365,2.03962,0.419104,2.4732
388,2.66095,2.27417,2.04606,0.386775,2.46756
389,2.49578,2.30801,2.04526,0.187773,2.4019
390,2.27981,2.45142,2.04526,-0.171609,2.36561
391,2.17099,2.62711,2.05896,-0.456115,2.39905
392,2.15649,2.68436,2.05009,-0.527869,2.42043
393,2.14763,2.7037,2.0517,-0.556067,2.42566
394,2.15649,2.67867,2.04606,-0.522179,2.41758
395,2.15971,2.67384,2.04768,-0.514122,2.41678
396,2.15649,2.67948,2.04204,-0.522985,2.41798
397,2.1573,2.67625,2.04687,-0.518955,2.41678
398,2.16777,2.64161,2.04768,-0.473839,2.40469
399,2.17019,2.64,2.04123,-0.46981,2.40509
400,2.16133,2.64725,2.04042,-0.485924,2.40429
401,2.17341,2.62147,2.05815,-0.448057,2.39744
402,2.24109,2.48853,2.0727,-0.247443,2.36481
403,2.33299,2.39422,2.0727,-0.0612316,2.3636
404,2.3346,2.39583,2.06303,-0.0612316,2.36521
405,2.21289,2.52801,2.06948,-0.31512,2.37045
406,2.14118,2.71739,2.06948,-0.576209,2.42929
407,2.35554,2.59246,2.07592,-0.236919,2.474
408,2.78749,2.74962,2.07673,0.0378666,2.76855
409,2.78668,2.73028,2.07754,0.0563974,2.75848
410,2.75768,2.30801,2.06787,0.449668,2.53284
411,2.78185,2.24995,2.08076,0.531897,2.5159
412,2.74398,2.25317,2.06218,0.490808,2.49858
413,2.74962,2.24753,2.06218,0.502088,2.49858
414,2.75768,2.2564,2.05654,0.501282,2.50704
415,2.71498,2.25398,2.06465,0.460998,2.48448
416,2.70531,2.25398,2.06218,0.451329,2.47964
417,2.69161,2.2572,2.06218,0.43441,2.47441
418,2.57313,2.27578,2.06218,0.297345,2.42445
419,2.50867,2.29754,2.06384,0.211138,2.4031
420,2.50948,2.29673,2.06948,0.212749,2.4031
422,2.56749,2.27498,2.06303,0.292511,2.42123
423,2.60858,2.27256,2.06218,0.336017,2.44057
423,2.60858,2.27256,2.06218,0.336017,2.44057
424,2.74398,2.25156,2.06218,0.492419,2.49777
425,2.76412,2.24592,2.06218,0.5182,2.50502
426,2.76815,2.24753,2.06218,0.520617,2.50784
426,2.76815,2.24753,2.06218,0.520617,2.50784
427,2.7746,2.24028,2.06218,0.534315,2.50744
428,2.78104,2.24673,2.06218,0.534314,2.51388
429,2.77299,2.24834,2.06218,0.524646,2.51066
430,2.78507,2.24834,2.06706,0.536731,2.5167
431,2.77299,2.24673,2.06626,0.526258,2.50986
432,2.78024,2.24673,2.06706,0.533508,2.51348
433,2.75687,2.25237,2.06303,0.504504,2.50462
434,2.47076,2.30237,2.07431,0.168387,2.38656
435,2.56829,2.27739,2.08076,0.290899,2.42284
436,2.65208,2.25801,2.08882,0.394075,2.45505
437,2.63517,2.26934,2.09204,0.365828,2.45225
438,2.6255,2.26848,2.09043,0.357016,2.44699
439,2.56829,2.28142,2.09848,0.286871,2.42486
440,2.42483,2.32735,2.10251,0.0974865,2.37609
441,2.21289,2.55299,2.10815,-0.340096,2.38294
443,2.27175,2.76573,2.10573,-0.49398,2.51874
444,2.39502,2.76332,2.10573,-0.368296,2.57917
445,2.47156,2.76735,2.10412,-0.295785,2.61945
446,2.48934,2.77057,2.10171,-0.281232,2.62995
447,2.48047,2.76251,2.09687,-0.282038,2.62149
448,2.49901,2.77137,2.09848,-0.272369,2.63519
449,2.63033,2.76573,2.09929,-0.135404,2.69803
450,2.66497,2.76171,2.08237,-0.0967321,2.71334
451,2.5691,2.7609,2.06867,-0.191801,2.665
452,2.39341,2.7609,2.06465,-0.367489,2.57716
453,2.33057,2.76735,2.06218,-0.436778,2.54896
454,2.34185,2.75768,2.06137,-0.41583,2.54976
455,2.34024,2.7609,2.06137,-0.420664,2.55057
456,2.34024,2.75284,2.06057,-0.412607,2.54654
457,2.3346,2.75768,2.05815,-0.423081,2.54614
458,2.33782,2.74962,2.05976,-0.411801,2.54372
459,2.34507,2.75365,2.06218,-0.408579,2.54936
460,2.35071,2.75607,2.05493,-0.405356,2.55339
461,2.29512,2.75123,2.05493,-0.456115,2.52318
462,2.12829,2.73834,2.0517,-0.610047,2.43332
463,2.13152,2.72867,2.05976,-0.597157,2.43009
464,2.13393,2.7464,2.06218,-0.612465,2.44017
465,2.14199,2.74962,2.06218,-0.607631,2.44581
466,2.14199,2.75446,2.06706,-0.612465,2.44822
467,2.14038,2.75446,2.06948,-0.614077,2.44742
469,2.13957,2.75284,2.06545,-0.613271,2.44621
470,2.13635,2.75446,2.06626,-0.618105,2.4454
471,2.1428,2.75848,2.06303,-0.615688,2.45064
472,2.14038,2.75607,2.06218,-0.615687,2.44822
473,2.14763,2.75446,2.06218,-0.606826,2.45104
474,2.14763,2.74801,2.06218,-0.60038,2.44782
475,2.15408,2.74156,2.06545,-0.587488,2.44782
476,2.15488,2.72545,2.06218,-0.57057,2.44017
477,2.26042,2.62308,2.0517,-0.362656,2.44175
478,2.29754,2.59891,2.05815,-0.301373,2.44822
479,2.3064,2.59649,2.05009,-0.290093,2.45144
480,2.4627,2.49659,2.04848,-0.0338888,2.47964
481,2.71498,2.32493,2.0517,0.390048,2.51995
482,2.76735,2.25237,2.04768,0.514978,2.50986
483,2.77299,2.23142,2.06218,0.541566,2.5022
484,2.75446,2.23867,2.20564,0.515785,2.49656
485,2.66417,2.23706,2.50062,0.427109,2.45061
486,2.56024,2.23787,2.5981,0.322371,2.39905
487,2.53687,2.23464,2.6255,0.30223,2.38576
488,2.4337,2.23223,2.67867,0.20147,2.33296
489,2.28465,2.23303,2.68356,0.0516138,2.25884
490,2.23706,2.23464,2.6408,0.00241756,2.23585
491,2.2572,2.23625,2.39825,0.0209484,2.24673
491,2.2572,2.23625,2.39825,0.0209484,2.24673
492,2.36279,2.23706,2.1863,0.125735,2.29993
493,2.69161,2.23625,2.06626,0.455359,2.46393
494,2.76976,2.42,2.03156,0.349765,2.59488
495,2.69242,2.69322,2.03156,-0.000805855,2.69282
496,2.60294,2.75123,2.03559,-0.148295,2.67708
497,2.66659,2.75768,2.03076,-0.0910921,2.71213
498,2.57393,2.76332,2.03237,-0.189384,2.66863
499,2.56024,2.76654,2.03559,-0.206304,2.66339
500,2.59569,2.75768,2.07431,-0.161992,2.67668
501,2.64644,2.76332,2.07512,-0.116874,2.70488
502,2.65772,2.77299,2.07673,-0.115262,2.71535
503,2.65531,2.77379,2.07592,-0.118484,2.71455
504,2.66497,2.78104,2.07995,-0.116068,2.72301
506,2.70611,2.77057,2.07592,-0.0644541,2.73834
506,2.70611,2.77057,2.07592,-0.0644541,2.73834
507,2.73834,2.77379,2.1146,-0.03545,2.75607
508,2.78346,2.75929,2.17422,0.0241699,2.77137
509,2.7891,2.75043,2.21128,0.0386715,2.76976
510,2.79393,2.74156,2.36038,0.0523691,2.76775
511,2.79957,2.77057,2.67625,0.0290041,2.78507
512,2.80118,2.76573,2.65047,0.035449,2.78346
513,2.79716,2.78104,2.59891,0.0161133,2.7891
514,2.67948,2.77137,2.38535,-0.091898,2.72543
515,2.51915,2.77299,2.07834,-0.253839,2.64607
516,2.32171,2.77057,2.07754,-0.448862,2.54614
516,2.32171,2.77057,2.07754,-0.448862,2.54614
517,2.19516,2.70773,2.0727,-0.512561,2.45144
518,2.26606,2.45223,2.07431,-0.186161,2.35915
519,2.43772,2.31043,2.0719,0.127297,2.37407
520,2.38777,2.33137,2.06706,0.0563974,2.35957
521,2.229,2.47398,2.06626,-0.244976,2.35149
522,2.29754,2.4063,2.06218,-0.108767,2.35192
523,2.38938,2.33137,2.06218,0.0580091,2.36038
524,2.41436,2.31929,2.06057,0.0950699,2.36682
525,2.45223,2.29754,2.06218,0.15469,2.37488
526,2.46431,2.30479,2.05815,0.159523,2.38455
527,2.43933,2.30962,2.05734,0.129713,2.37448
528,2.34104,2.35796,2.05493,-0.0169191,2.3495
529,2.34829,2.35313,2.05412,-0.00483418,2.35071
530,2.39825,2.32332,2.05734,0.0749283,2.36078
531,2.76171,2.24834,2.05976,0.513367,2.50502
532,2.77057,2.24673,2.06137,0.523841,2.50865
533,2.77621,2.24673,2.06218,0.52948,2.51147
534,2.76332,2.24673,2.05896,0.51659,2.50502
535,2.46753,2.24351,2.05896,0.224028,2.35552
536,2.13152,2.23464,2.06218,-0.103126,2.18308
537,2.13474,2.24753,2.06218,-0.112795,2.19114
538,2.12829,2.24351,2.06303,-0.115211,2.1859
539,2.12668,2.23706,2.06303,-0.110377,2.18187
540,2.12265,2.24109,2.06303,-0.118434,2.18187
541,2.12749,2.2427,2.06465,-0.115211,2.18509
542,2.12427,2.23787,2.07512,-0.1136,2.18107
543,2.12829,2.24109,2.10009,-0.112794,2.18469
544,2.13152,2.24995,2.16697,-0.118435,2.19073
545,2.13152,2.24028,2.17502,-0.108766,2.1859
546,2.13152,2.24189,2.17341,-0.110377,2.1867
547,2.1291,2.24592,2.17583,-0.116823,2.18751
548,2.12668,2.24431,2.16858,-0.117629,2.1855
549,2.1291,2.24109,2.16616,-0.111988,2.18509
550,2.1291,2.23867,2.17019,-0.109571,2.18388
551,2.13152,2.24109,2.15971,-0.109571,2.1863
552,2.13071,2.24109,2.16133,-0.110377,2.1859
553,2.12427,2.24512,2.15971,-0.120852,2.18469
554,2.12507,2.24431,2.15327,-0.11924,2.18469
555,2.12829,2.24189,2.15488,-0.1136,2.18509
556,2.12829,2.23948,2.1573,-0.111182,2.18388
557,2.12427,2.23464,2.10815,-0.110376,2.17945
558,2.12185,2.23545,2.05976,-0.113599,2.17865
559,2.1291,2.24431,2.05976,-0.115211,2.18671
560,2.12829,2.24431,2.05654,-0.116017,2.1863
561,2.13554,2.24028,2.05654,-0.104737,2.18791
562,2.74237,2.24995,2.06218,0.492419,2.49616
563,2.78104,2.24753,2.06218,0.533508,2.51429
564,2.52237,2.29028,2.05976,0.232086,2.40633
565,2.36844,2.35635,2.05896,0.0120859,2.36239
566,2.35393,2.35393,2.06137,0.0,2.35393
567,2.37085,2.34507,2.05654,0.0257816,2.35796
568,2.37327,2.34104,2.06137,0.0322275,2.35716
569,2.40308,2.33218,2.05815,0.070899,2.36763
570,2.39905,2.32574,2.05815,0.0733156,2.36239
571,2.40872,2.32332,2.05815,0.0854015,2.36602
572,2.39019,2.32815,2.05654,0.0620375,2.35917
573,2.38938,2.33621,2.05493,0.053175,2.3628
574,2.42483,2.31526,2.06137,0.109571,2.37005
575,2.43692,2.31043,2.05815,0.126492,2.37367
576,2.43933,2.30398,2.05654,0.135354,2.37166
577,2.44417,2.30479,2.05976,0.139381,2.37448
578,2.45061,2.29995,2.05976,0.150662,2.37528
579,2.50545,2.28626,2.0517,0.219195,2.39585
580,2.56829,2.27739,2.05251,0.290899,2.42284
581,2.56749,2.28142,2.05654,0.286065,2.42445
582,2.6118,2.27256,2.05976,0.339239,2.44218
583,2.75768,2.25398,2.05493,0.503698,2.50583
584,2.76976,2.25076,2.0509,0.519007,2.51026
585,2.78265,2.25076,2.06137,0.531898,2.5167
586,2.75446,2.25478,2.06137,0.499671,2.50462
587,2.70289,2.25156,2.06303,0.45133,2.47723
588,2.62711,2.26606,2.06384,0.361044,2.44659
589,2.54009,2.27659,2.06948,0.263506,2.40834
590,2.40469,2.33379,2.07028,0.070899,2.36924
591,2.39502,2.34024,2.0727,0.0547857,2.36763
592,2.4055,2.35796,2.0727,0.0475349,2.38173
593,2.46753,2.40227,2.0727,0.065259,2.4349
594,2.58682,2.44095,2.06787,0.145878,2.51389
595,2.70773,2.51431,2.07754,0.193412,2.61102
596,2.7746,2.71095,2.07351,0.0636482,2.74277
597,2.7899,2.76332,2.07754,0.0265865,2.77661
598,2.79635,2.7754,2.08156,0.0209465,2.78588
599,2.80118,2.76735,2.07754,0.0338373,2.78426
600,2.79877,2.78185,2.07995,0.0169191,2.79031
601,2.79796,2.78265,2.07431,0.0153074,2.79031
602,2.80118,2.77057,2.08237,0.0306149,2.78588
603,2.80038,2.77379,2.07995,0.0265865,2.78708
605,2.70128,2.71095,2.07754,-0.00966835,2.70611
606,2.59971,2.71578,2.07754,-0.116068,2.65775
607,2.62066,2.73995,2.07351,-0.119289,2.68031
608,2.65047,2.75929,2.07109,-0.108817,2.70488
609,2.6118,2.76171,2.0719,-0.149907,2.68675
610,2.50545,2.74962,2.0719,-0.24417,2.62754
611,2.35716,2.72706,2.13796,-0.369906,2.54211
612,2.2927,2.73512,2.32976,-0.442417,2.51391
613,2.2564,2.72303,2.42564,-0.466638,2.48971
614,2.2145,2.72384,2.51351,-0.509338,2.46917
615,2.18066,2.70692,2.65772,-0.526258,2.44379
616,2.1581,2.70209,2.67948,-0.543983,2.43009
616,2.1581,2.70209,2.67948,-0.543983,2.43009
617,2.16133,2.72384,2.68678,-0.562512,2.44258
618,2.15085,2.73995,2.59327,-0.5891,2.4454
619,2.14763,2.75526,2.19919,-0.607632,2.45145
620,2.16213,2.75929,2.05896,-0.597157,2.46071
621,2.17502,2.76171,2.04445,-0.586684,2.46836
622,2.20242,2.75768,2.05251,-0.555263,2.48005
623,2.21208,2.76171,2.05493,-0.549623,2.48689
624,2.22739,2.76171,2.05493,-0.534315,2.49455
624,2.22739,2.76171,2.05493,-0.534315,2.49455
625,2.21531,2.76171,2.05976,-0.5464,2.48851
626,2.15005,2.75848,2.05654,-0.608437,2.45427
627,2.13716,2.74962,2.05654,-0.612465,2.44339
628,2.13716,2.7472,2.06218,-0.610048,2.44218
629,2.13635,2.7609,2.06218,-0.62455,2.44863
630,2.1436,2.76493,2.06218,-0.621327,2.45426
631,2.14118,2.75687,2.06218,-0.615687,2.44903
632,2.14118,2.75687,2.06384,-0.615687,2.44903
633,2.14682,2.75929,2.07592,-0.612466,2.45306
634,2.14199,2.76251,2.0719,-0.620522,2.45225
635,2.14844,2.76009,2.07995,-0.611659,2.45426
636,2.18953,2.74237,2.08237,-0.552845,2.46595
637,2.21853,2.70611,2.07512,-0.487586,2.46232
638,2.22417,2.69081,2.07512,-0.466639,2.45749
639,2.19114,2.72223,2.06706,-0.531092,2.45668
640,2.17019,2.74318,2.06218,-0.572989,2.45668
641,2.15085,2.75607,2.06465,-0.605214,2.45346
642,2.17261,2.76573,2.12427,-0.593129,2.46917
643,2.18711,2.7182,2.14924,-0.531092,2.45265
644,2.32976,2.52398,2.16294,-0.194218,2.42687
645,2.5119,2.3773,2.17019,0.134598,2.4446
646,2.6118,2.3209,2.1573,0.290898,2.46635
646,2.6118,2.3209,2.1573,0.290898,2.46635
647,2.70611,2.2919,2.18227,0.414219,2.49901
648,2.76573,2.27417,2.18308,0.491564,2.51995
649,2.78668,2.27659,2.19516,0.510094,2.53164
650,2.78588,2.26445,2.19194,0.521423,2.52516
650,2.78588,2.26445,2.19194,0.521423,2.52516
651,2.77863,2.26848,2.19033,0.510144,2.52355
652,2.7754,2.26768,2.1863,0.507728,2.52154
653,2.7899,2.26934,2.19194,0.520567,2.52962
653,2.7899,2.26934,2.19194,0.520567,2.52962
654,2.7891,2.27578,2.19436,0.513316,2.53244
655,2.78749,2.2782,2.19678,0.509289,2.53284
656,2.79152,2.37569,2.23303,0.41583,2.5836
657,2.81246,2.75123,2.41114,0.0612307,2.78185
658,2.80602,2.60213,2.62953,0.203887,2.70407
659,2.51109,2.38052,2.68194,0.130569,2.44581
660,2.62389,2.31123,2.69161,0.312653,2.46756
661,2.74801,2.26526,2.68356,0.482751,2.50663
662,2.76976,2.26526,2.69564,0.504504,2.51751
663,2.7746,2.26445,2.68517,0.510144,2.51952
664,2.7754,2.26123,2.69081,0.514173,2.51832
665,2.7754,2.26284,2.69322,0.512562,2.51912
666,2.76412,2.26042,2.68356,0.503698,2.51227
667,2.76735,2.26934,2.67545,0.498009,2.51834
668,2.80602,2.56104,2.62711,0.244976,2.68353
669,2.81166,2.7746,2.46109,0.0370617,2.79313
670,2.7891,2.41919,2.25881,0.369906,2.60415
671,2.75446,2.29995,2.21531,0.454503,2.5272
672,2.68517,2.29834,2.19758,0.386827,2.49175
673,2.76251,2.26526,2.15005,0.497253,2.51389
674,2.78668,2.25398,2.08559,0.532702,2.52033
675,2.78588,2.25076,2.06626,0.53512,2.51832
676,2.76976,2.24995,2.06303,0.519812,2.50986
677,2.78185,2.24431,2.06465,0.537537,2.51308
678,2.77863,2.25478,2.06218,0.523841,2.5167
679,2.7754,2.26445,2.05896,0.51095,2.51993
680,2.78265,2.24189,2.06218,0.54076,2.51227
681,2.78185,2.24512,2.04284,0.536731,2.51348
682,2.79393,2.25801,2.61825,0.535925,2.52597
683,2.76976,2.35957,2.4837,0.410191,2.56467
684,2.72706,2.49981,2.04687,0.227251,2.61344
685,2.60777,2.7045,2.06057,-0.0967321,2.65614
686,2.52479,2.76493,2.06218,-0.240142,2.64486
687,2.54896,2.76654,2.06545,-0.217584,2.65775
688,2.63436,2.75929,2.06218,-0.12493,2.69682
689,2.73351,2.7319,2.06218,0.00161171,2.7327
690,2.78588,2.62389,2.06465,0.161991,2.70488
691,2.78829,2.58844,2.06218,0.199858,2.68836
692,2.79796,2.69725,2.05976,0.100709,2.74761
693,2.79152,2.69645,2.06218,0.0950699,2.74398
694,2.8028,2.76735,2.06384,0.035449,2.78507
695,2.60697,2.7746,2.06218,-0.167631,2.69078
696,2.23303,2.75123,2.06218,-0.518202,2.49213
697,2.16777,2.76171,2.06218,-0.593935,2.46474
698,2.14924,2.76009,2.06218,-0.610853,2.45467
699,2.1428,2.76735,2.07592,-0.624551,2.45507
700,2.13554,2.7609,2.07754,-0.625356,2.44822
701,2.13393,2.76573,2.07673,-0.631801,2.44983
702,2.13474,2.76493,2.07673,-0.63019,2.44983
703,2.18066,2.64806,2.08237,-0.467392,2.41436
704,2.17099,2.65128,2.07673,-0.480285,2.41114
705,2.15408,2.69322,2.06787,-0.539148,2.42365
706,2.1863,2.6263,2.06948,-0.440001,2.4063
706,2.1863,2.6263,2.06948,-0.440001,2.4063
707,2.14924,2.69242,2.06218,-0.543177,2.42083
708,2.14441,2.76573,2.05734,-0.621327,2.45507
709,2.13877,2.76332,2.05815,-0.624551,2.45104
710,2.15327,2.72706,2.05493,-0.573792,2.44017
711,2.17905,2.63033,2.04526,-0.451281,2.40469
712,2.15649,2.69886,2.61261,-0.542372,2.42768
713,2.13796,2.72142,2.67787,-0.58346,2.42969
714,2.13796,2.72384,2.06303,-0.585876,2.4309
715,2.14924,2.69725,2.05493,-0.548011,2.42325
716,2.14844,2.69161,2.05412,-0.543177,2.42002
717,2.21289,2.54976,2.05815,-0.336873,2.38133
718,2.34346,2.38616,2.06137,-0.0427017,2.36481
720,2.4063,2.34668,2.08237,0.0596209,2.37649
721,2.34991,2.38133,2.07915,-0.0314217,2.36562
722,2.1863,2.58763,2.08398,-0.401327,2.38697
723,2.13796,2.74479,2.08479,-0.606825,2.44137
724,2.14118,2.7609,2.07834,-0.619716,2.45104
726,2.14924,2.72303,2.06948,-0.573792,2.43614
727,2.15327,2.72384,2.06787,-0.570569,2.43855
728,2.16133,2.70289,2.06303,-0.541566,2.43211
729,2.16858,2.68597,2.05896,-0.517396,2.42727
730,2.20403,2.57877,2.06218,-0.374741,2.3914
731,2.3209,2.42161,2.06218,-0.100709,2.37125
732,2.35635,2.3773,2.05976,-0.0209484,2.36682
733,2.17341,2.59327,2.06057,-0.419858,2.38334
734,2.14118,2.72948,2.05493,-0.588294,2.43533
735,2.46753,2.31768,2.04365,0.149855,2.39261
736,2.75687,2.25237,2.04365,0.504504,2.50462
737,2.71739,2.25317,2.04042,0.46422,2.48528
738,2.45787,2.31607,2.0372,0.141799,2.38697
739,2.22578,2.51029,2.04123,-0.284505,2.36803
740,2.15971,2.64644,2.04204,-0.48673,2.40308
742,2.15408,2.67545,2.03398,-0.521373,2.41476
743,2.16294,2.61825,2.03801,-0.455309,2.39059
744,2.29673,2.43692,2.02915,-0.140188,2.36682
745,2.34265,2.38213,2.0372,-0.0394793,2.36239
746,2.29834,2.43047,2.03398,-0.132133,2.36441
748,2.29592,2.42725,2.04445,-0.131325,2.36159
749,2.25559,2.46673,2.04848,-0.211138,2.36116
750,2.28384,2.44659,2.06137,-0.162747,2.36521
751,2.44175,2.33137,2.06218,0.110378,2.38656
752,2.36602,2.38052,2.51431,-0.0145025,2.37327
753,2.17422,2.63839,2.69081,-0.464171,2.4063
754,2.13554,2.75123,2.11299,-0.615688,2.44339
755,2.17099,2.62791,2.05815,-0.45692,2.39945
755,2.17099,2.62791,2.05815,-0.45692,2.39945
756,2.30962,2.4208,2.05251,-0.111182,2.36521
757,2.30962,2.41114,2.06218,-0.101514,2.36038
758,2.28062,2.45142,2.06218,-0.170803,2.36602
759,2.29834,2.42644,2.06218,-0.128103,2.36239
760,2.41033,2.34668,2.06218,0.0636492,2.37851
761,2.53526,2.28706,2.06465,0.248199,2.41116
762,2.62469,2.26768,2.06218,0.357016,2.44618
763,2.35474,2.38052,2.06706,-0.0257826,2.36763
764,2.19678,2.57393,2.0727,-0.377157,2.38535
765,2.16777,2.64806,2.07834,-0.480284,2.40791
766,2.13796,2.72464,2.07351,-0.586682,2.4313
767,2.13554,2.75365,2.06218,-0.618105,2.4446
768,2.13232,2.74318,2.07109,-0.610854,2.43775
769,2.1428,2.73109,2.06787,-0.588295,2.43694
770,2.30317,2.72545,2.06465,-0.422276,2.51431
771,2.73351,2.77137,2.06218,-0.0378675,2.75244
772,2.78588,2.78104,2.06218,0.00483418,2.78346
773,2.30237,2.71014,2.06218,-0.407774,2.50626
774,2.16938,2.62147,2.05654,-0.452085,2.39543
775,2.17261,2.5828,2.05251,-0.410191,2.3777
775,2.17261,2.5828,2.05251,-0.410191,2.3777
776,2.1863,2.56104,2.05412,-0.374741,2.37367
776,2.1863,2.56104,2.05412,-0.374741,2.37367
777,2.18227,2.56991,2.05815,-0.387631,2.37609
778,2.20644,2.51754,2.06137,-0.311092,2.36199
779,2.19919,2.53687,2.06545,-0.337679,2.36803
780,2.16938,2.63355,2.06787,-0.46417,2.40147
781,2.15649,2.68275,2.06137,-0.526258,2.41962
782,2.15408,2.69,2.05976,-0.535926,2.42204
783,2.15085,2.69645,2.06787,-0.545594,2.42365
784,2.16052,2.69242,2.06626,-0.531898,2.42647
785,2.15408,2.71095,2.0727,-0.556873,2.43251
786,2.14521,2.73028,2.0727,-0.585072,2.43775
788,2.15488,2.69806,2.0719,-0.543178,2.42647
789,2.25962,2.47076,2.06218,-0.211138,2.36519
790,2.60213,2.27739,2.05896,0.324738,2.43976
791,2.77379,2.25398,2.05251,0.519812,2.51389
792,2.67061,2.24431,2.06218,0.426303,2.45746
793,2.12991,2.24431,2.06303,-0.114406,2.18711
794,2.13071,2.24673,2.06218,-0.116017,2.18872
795,2.13152,2.24351,2.05976,-0.111989,2.18751
796,2.13716,2.23948,2.05251,-0.10232,2.18832
797,2.13071,2.24512,2.05251,-0.114407,2.18791
797,2.13071,2.24512,2.05251,-0.114407,2.18791
798,2.13071,2.23867,2.05493,-0.10796,2.18469
799,2.1291,2.24189,2.05896,-0.112794,2.1855
800,2.13554,2.23948,2.05654,-0.103931,2.18751
801,2.13635,2.23787,2.05734,-0.101515,2.18711
802,2.12991,2.24592,2.0509,-0.116017,2.18791
803,2.13474,2.23787,2.05412,-0.103127,2.1863
804,2.12829,2.24028,2.0517,-0.111988,2.18429
805,2.13152,2.23787,2.05734,-0.106349,2.18469
806,2.13393,2.24028,2.05493,-0.106348,2.18711
807,2.13474,2.23787,2.05815,-0.103127,2.1863
808,2.12829,2.24351,2.04848,-0.115211,2.1859
809,2.13232,2.24028,2.05009,-0.10796,2.1863
810,2.13232,2.23706,2.05654,-0.104737,2.18469
811,2.13232,2.24351,2.05412,-0.111183,2.18791
812,2.13796,2.24109,2.05009,-0.103126,2.18952
813,2.1291,2.24109,2.05815,-0.111988,2.18509
814,2.1291,2.24431,2.0517,-0.115211,2.18671
816,2.13152,2.24351,2.0517,-0.111989,2.18751
817,2.1291,2.23787,2.05251,-0.108766,2.18348
818,2.13796,2.24109,2.05251,-0.103126,2.18952
819,2.13877,2.24995,2.05251,-0.111184,2.19436
820,2.13635,2.24351,2.05654,-0.107155,2.18993
820,2.13635,2.24351,2.05654,-0.107155,2.18993
822,2.13232,2.23787,2.04848,-0.105543,2.18509
823,2.52801,2.24512,2.04768,0.282892,2.38656
824,2.7746,2.24189,2.05251,0.532703,2.50825
825,2.51915,2.29028,2.04848,0.228863,2.40472
826,2.18066,2.59569,2.0509,-0.415023,2.38817
827,2.18227,2.60294,2.0517,-0.420664,2.39261
828,2.18711,2.5828,2.04687,-0.395688,2.38495
829,2.22417,2.50465,2.0509,-0.280477,2.36441
830,2.229,2.49014,2.04526,-0.26114,2.35957
831,2.30237,2.41516,2.04445,-0.112795,2.35877
832,2.35877,2.36441,2.05251,-0.00564003,2.36159
833,2.19597,2.54735,2.0509,-0.351375,2.37166
834,2.16294,2.65289,2.05332,-0.489952,2.40791
835,2.17583,2.61986,2.05009,-0.444029,2.39784
836,2.19678,2.56588,2.05896,-0.369101,2.38133
837,2.17019,2.63517,2.05493,-0.464977,2.40268
838,2.16858,2.61502,2.05332,-0.446445,2.3918
839,2.19355,2.5554,2.05654,-0.361849,2.37448
840,2.23384,2.47725,2.05412,-0.243415,2.35554
842,2.2782,2.41275,2.05412,-0.134548,2.34547
843,2.38777,2.33379,2.04768,0.0539799,2.36078
844,2.41516,2.32493,2.04606,0.0902348,2.37005
845,2.31687,2.39019,2.04929,-0.0733166,2.35353
846,2.33057,2.36199,2.0509,-0.0314217,2.34628
847,2.32171,2.37246,2.04848,-0.0507574,2.34708
848,2.35957,2.35554,2.0517,0.00402832,2.35756
849,2.43047,2.31768,2.0509,0.112795,2.37408
851,2.3918,2.39099,2.05493,0.000805855,2.3914
852,2.58038,2.47156,2.05734,0.108817,2.52597
853,2.7899,2.72948,2.06218,0.0604258,2.75969
854,2.80441,2.76009,2.06303,0.0443115,2.78225
855,2.79957,2.75768,2.06303,0.0418949,2.77863
856,2.77299,2.70209,2.06626,0.070899,2.73754
857,2.67142,2.54009,2.06218,0.131326,2.60576
858,2.43208,2.38938,2.06787,0.0427008,2.41073
859,2.33379,2.39825,2.06545,-0.0644541,2.36602
860,2.3201,2.40711,2.06948,-0.0870123,2.3636
861,2.30156,2.41839,2.06706,-0.116823,2.35998
862,2.30559,2.41436,2.07834,-0.108766,2.35998
863,2.30398,2.42242,2.06867,-0.118435,2.3632
864,2.3064,2.42403,2.07834,-0.117628,2.36521
865,2.31526,2.41114,2.07673,-0.0958748,2.3632
866,2.31043,2.41758,2.07431,-0.107155,2.364
867,2.29028,2.44014,2.08398,-0.149857,2.36521
868,2.29351,2.42725,2.08237,-0.133741,2.36038
868,2.29351,2.42725,2.08237,-0.133741,2.36038
869,2.32332,2.41114,2.08237,-0.0878181,2.36723
870,2.31043,2.42483,2.07834,-0.114406,2.36763
871,2.43208,2.34668,2.0719,0.0854025,2.38938
872,2.61099,2.27337,2.06706,0.337628,2.44218
873,2.73673,2.25962,2.06218,0.477111,2.49817
874,2.61019,2.27659,2.06218,0.3336,2.44339
875,2.30237,2.42403,2.06218,-0.121657,2.3632
876,2.32493,2.40791,2.06218,-0.082984,2.36642
877,2.29109,2.43933,2.05412,-0.148245,2.36521
878,2.28223,2.44739,2.05251,-0.165164,2.36481
879,2.35716,2.39019,2.04123,-0.0330334,2.37367
880,2.39019,2.3636,2.04687,0.0265884,2.37689
881,2.28384,2.43853,2.03801,-0.154691,2.36118
882,2.2427,2.4845,2.04768,-0.241803,2.3636
883,2.28223,2.44739,2.07351,-0.165164,2.36481
884,2.31929,2.42403,2.50867,-0.104737,2.37166
886,2.42886,2.35071,2.68678,0.0781507,2.38978
887,2.50787,2.31123,2.6892,0.196635,2.40955
887,2.50787,2.31123,2.6892,0.196635,2.40955
888,2.54009,2.29834,2.69,0.241754,2.41922
890,2.66256,2.26687,2.05332,0.395688,2.46471
891,2.66739,2.26284,2.05815,0.404551,2.46512
892,2.65772,2.26365,2.05815,0.394076,2.46068
893,2.66417,2.26445,2.05009,0.399715,2.46431
894,2.69886,2.25398,2.05493,0.444884,2.47642
895,2.69081,2.25478,2.04687,0.436023,2.4728
896,2.72384,2.24351,2.04204,0.480333,2.48367
897,2.69,2.26123,2.04204,0.428771,2.47562
898,2.58924,2.27175,2.0372,0.317487,2.4305
899,2.61744,2.26768,2.04123,0.349765,2.44256
900,2.57877,2.27659,2.04204,0.302179,2.42768
901,2.54332,2.28223,2.04204,0.261089,2.41277
902,2.55218,2.27981,2.03962,0.272368,2.41599
903,2.56588,2.2782,2.03559,0.287678,2.42204
904,2.57474,2.27659,2.04365,0.298151,2.42566
905,2.46914,2.30801,2.03801,0.161135,2.38858
906,2.19275,2.54735,2.03478,-0.354597,2.37005
907,2.13554,2.76332,2.04042,-0.627773,2.44943
908,2.12427,2.74801,2.03559,-0.623744,2.43614
909,2.12507,2.53607,2.03801,-0.410995,2.33057
910,2.12427,2.35957,2.04204,-0.235307,2.24192
910,2.12427,2.35957,2.04204,-0.235307,2.24192
911,2.11863,2.25478,2.04042,-0.136159,2.1867
912,2.12104,2.23303,2.04042,-0.111988,2.17704
913,2.12185,2.23706,2.03881,-0.115211,2.17945
914,2.11701,2.23384,2.04445,-0.116823,2.17543
915,2.12185,2.23867,2.03962,-0.116821,2.18026
916,2.11863,2.24028,2.03962,-0.121656,2.17945
917,2.11782,2.23706,2.04204,-0.119239,2.17744
918,2.12185,2.23948,2.04123,-0.117627,2.18066
919,2.11943,2.23464,2.03962,-0.115211,2.17704
920,2.11863,2.23545,2.0364,-0.116822,2.17704
921,2.12265,2.23545,2.05009,-0.112794,2.17905
922,2.11943,2.23787,2.04042,-0.118434,2.17865
923,2.11299,2.23545,2.04687,-0.122462,2.17422
924,2.11863,2.2427,2.04445,-0.124074,2.18066
925,2.11701,2.23223,2.03881,-0.115211,2.17462
926,2.11943,2.23545,2.04204,-0.116016,2.17744
927,2.11218,2.23464,2.04204,-0.122462,2.17341
928,2.11621,2.23787,2.03559,-0.121657,2.17704
929,2.11621,2.23545,2.03801,-0.11924,2.17583
931,2.1154,2.24431,2.04123,-0.128909,2.17986
932,2.12507,2.72062,2.03317,-0.595545,2.42284
933,2.13232,2.75446,2.04365,-0.622133,2.44339
934,2.13152,2.76654,2.03881,-0.635024,2.44903
935,2.13232,2.76009,2.04445,-0.627772,2.44621
936,2.14682,2.69645,2.04848,-0.549623,2.42163
937,2.18147,2.57716,2.04204,-0.395687,2.37931
938,2.27901,2.4482,2.03559,-0.169192,2.3636
939,2.52318,2.28948,2.04687,0.233696,2.40633
940,2.50062,2.29754,2.04042,0.203081,2.39908
941,2.4345,2.3201,2.03881,0.114407,2.3773
942,2.4337,2.32976,2.04365,0.103932,2.38173
943,2.42,2.33057,2.03962,0.0894299,2.37528
944,2.4208,2.33057,2.04606,0.0902357,2.37569
945,2.40952,2.33137,2.04365,0.0781507,2.37045
946,2.40872,2.32896,2.03801,0.0797615,2.36884
947,2.41919,2.33299,2.03962,0.0862064,2.37609
948,2.35716,2.36763,2.04204,-0.0104742,2.36239
949,2.1863,2.56346,2.04606,-0.377157,2.37488
950,2.16455,2.61986,2.0372,-0.455308,2.3922
951,2.15971,2.62066,2.04123,-0.460948,2.39019
952,2.16697,2.61341,2.03881,-0.446445,2.39019
953,2.1718,2.60938,2.0364,-0.437583,2.39059
954,2.16697,2.61261,2.03962,-0.44564,2.38978
955,2.17019,2.60294,2.04204,-0.43275,2.38656
956,2.17099,2.60858,2.03559,-0.437583,2.38978
957,2.17341,2.60777,2.0372,-0.43436,2.39059
958,2.17261,2.61099,2.03962,-0.438389,2.3918
959,2.16777,2.60697,2.04042,-0.439195,2.38737
960,2.16697,2.60938,2.03801,-0.442417,2.38817
961,2.16858,2.61261,2.0372,-0.444028,2.39059
962,2.16616,2.60616,2.04204,-0.440001,2.38616
963,2.16697,2.61341,2.03559,-0.446445,2.39019
964,2.16938,2.61502,2.03801,-0.44564,2.3922
965,2.17099,2.60777,2.04042,-0.436777,2.38938
966,2.17019,2.60616,2.04042,-0.435972,2.38817
967,2.16455,2.6118,2.03559,-0.44725,2.38817
968,2.17744,2.5981,2.04042,-0.420664,2.38777
969,2.17261,2.59408,2.03801,-0.42147,2.38334
970,2.17341,2.60455,2.03559,-0.431137,2.38898
971,2.16777,2.61422,2.04123,-0.446445,2.39099
972,2.16858,2.60938,2.0372,-0.440805,2.38898
973,2.16616,2.59891,2.04204,-0.43275,2.38253
974,2.16938,2.60535,2.0364,-0.435971,2.38737
975,2.17341,2.59971,2.0364,-0.426303,2.38656
976,2.19355,2.54171,2.03559,-0.348152,2.36763
977,2.21289,2.52076,2.0364,-0.307869,2.36682
978,2.21208,2.52398,2.04042,-0.311897,2.36803
979,2.20725,2.51834,2.04123,-0.311092,2.3628
980,2.20725,2.51592,2.03478,-0.308675,2.36159
981,2.21128,2.51029,2.04042,-0.299007,2.36078
982,2.2137,2.50867,2.03559,-0.294978,2.36118
983,2.22739,2.49739,2.03801,-0.270003,2.36239
984,2.22014,2.49014,2.03962,-0.270002,2.35514
985,2.21531,2.50626,2.04204,-0.290951,2.36078
986,2.22014,2.50223,2.04042,-0.282088,2.36118
987,2.21692,2.50223,2.03801,-0.285311,2.35957
988,2.24189,2.47564,2.03478,-0.233747,2.35877
989,2.24028,2.47478,2.03559,-0.234503,2.35753
990,2.23706,2.47237,2.03478,-0.235308,2.35471
991,2.24189,2.46592,2.03478,-0.224029,2.35391
992,2.24431,2.47237,2.03559,-0.228056,2.35834
993,2.23545,2.47156,2.04123,-0.236114,2.3535
994,2.24028,2.47076,2.03478,-0.230474,2.35552
995,2.23223,2.46753,2.0372,-0.235308,2.34988
996,2.23545,2.47564,2.03559,-0.240192,2.35554
998,2.23706,2.47156,2.03559,-0.234502,2.35431
999,2.23706,2.47564,2.03881,-0.238581,2.35635
